#include <cstddef>

const unsigned char date_time_northamerica[] = {
0x52, 0x75, 0x6c, 0x65, 0x09, 0x55, 0x53, 0x09, 0x31, 0x39, 0x31, 0x38, 0x09, 0x31, 0x39, 0x31,
0x39, 0x09, 0x2d, 0x09, 0x4d, 0x61, 0x72, 0x09, 0x6c, 0x61, 0x73, 0x74, 0x53, 0x75, 0x6e, 0x09,
0x32, 0x3a, 0x30, 0x30, 0x09, 0x31, 0x3a, 0x30, 0x30, 0x09, 0x44, 0x0a, 0x52, 0x75, 0x6c, 0x65,
0x09, 0x55, 0x53, 0x09, 0x31, 0x39, 0x31, 0x38, 0x09, 0x31, 0x39, 0x31, 0x39, 0x09, 0x2d, 0x09,
0x4f, 0x63, 0x74, 0x09, 0x6c, 0x61, 0x73, 0x74, 0x53, 0x75, 0x6e, 0x09, 0x32, 0x3a, 0x30, 0x30,
0x09, 0x30, 0x09, 0x53, 0x0a, 0x52, 0x75, 0x6c, 0x65, 0x09, 0x55, 0x53, 0x09, 0x31, 0x39, 0x34,
0x32, 0x09, 0x6f, 0x6e, 0x6c, 0x79, 0x09, 0x2d, 0x09, 0x46, 0x65, 0x62, 0x09, 0x39, 0x09, 0x32,
0x3a, 0x30, 0x30, 0x09, 0x31, 0x3a, 0x30, 0x30, 0x09, 0x57, 0x20, 0x23, 0x20, 0x57, 0x61, 0x72,
0x0a, 0x52, 0x75, 0x6c, 0x65, 0x09, 0x55, 0x53, 0x09, 0x31, 0x39, 0x34, 0x35, 0x09, 0x6f, 0x6e,
0x6c, 0x79, 0x09, 0x2d, 0x09, 0x41, 0x75, 0x67, 0x09, 0x31, 0x34, 0x09, 0x32, 0x33, 0x3a, 0x30,
0x30, 0x75, 0x09, 0x31, 0x3a, 0x30, 0x30, 0x09, 0x50, 0x20, 0x23, 0x20, 0x50, 0x65, 0x61, 0x63,
0x65, 0x0a, 0x52, 0x75, 0x6c, 0x65, 0x09, 0x55, 0x53, 0x09, 0x31, 0x39, 0x34, 0x35, 0x09, 0x6f,
0x6e, 0x6c, 0x79, 0x09, 0x2d, 0x09, 0x53, 0x65, 0x70, 0x09, 0x33, 0x30, 0x09, 0x32, 0x3a, 0x30,
0x30, 0x09, 0x30, 0x09, 0x53, 0x0a, 0x52, 0x75, 0x6c, 0x65, 0x09, 0x55, 0x53, 0x09, 0x31, 0x39,
0x36, 0x37, 0x09, 0x32, 0x30, 0x30, 0x36, 0x09, 0x2d, 0x09, 0x4f, 0x63, 0x74, 0x09, 0x6c, 0x61,
0x73, 0x74, 0x53, 0x75, 0x6e, 0x09, 0x32, 0x3a, 0x30, 0x30, 0x09, 0x30, 0x09, 0x53, 0x0a, 0x52,
0x75, 0x6c, 0x65, 0x09, 0x55, 0x53, 0x09, 0x31, 0x39, 0x36, 0x37, 0x09, 0x31, 0x39, 0x37, 0x33,
0x09, 0x2d, 0x09, 0x41, 0x70, 0x72, 0x09, 0x6c, 0x61, 0x73, 0x74, 0x53, 0x75, 0x6e, 0x09, 0x32,
0x3a, 0x30, 0x30, 0x09, 0x31, 0x3a, 0x30, 0x30, 0x09, 0x44, 0x0a, 0x52, 0x75, 0x6c, 0x65, 0x09,
0x55, 0x53, 0x09, 0x31, 0x39, 0x37, 0x34, 0x09, 0x6f, 0x6e, 0x6c, 0x79, 0x09, 0x2d, 0x09, 0x4a,
0x61, 0x6e, 0x09, 0x36, 0x09, 0x32, 0x3a, 0x30, 0x30, 0x09, 0x31, 0x3a, 0x30, 0x30, 0x09, 0x44,
0x0a, 0x52, 0x75, 0x6c, 0x65, 0x09, 0x55, 0x53, 0x09, 0x31, 0x39, 0x37, 0x35, 0x09, 0x6f, 0x6e,
0x6c, 0x79, 0x09, 0x2d, 0x09, 0x46, 0x65, 0x62, 0x09, 0x6c, 0x61, 0x73, 0x74, 0x53, 0x75, 0x6e,
0x09, 0x32, 0x3a, 0x30, 0x30, 0x09, 0x31, 0x3a, 0x30, 0x30, 0x09, 0x44, 0x0a, 0x52, 0x75, 0x6c,
0x65, 0x09, 0x55, 0x53, 0x09, 0x31, 0x39, 0x37, 0x36, 0x09, 0x31, 0x39, 0x38, 0x36, 0x09, 0x2d,
0x09, 0x41, 0x70, 0x72, 0x09, 0x6c, 0x61, 0x73, 0x74, 0x53, 0x75, 0x6e, 0x09, 0x32, 0x3a, 0x30,
0x30, 0x09, 0x31, 0x3a, 0x30, 0x30, 0x09, 0x44, 0x0a, 0x52, 0x75, 0x6c, 0x65, 0x09, 0x55, 0x53,
0x09, 0x31, 0x39, 0x38, 0x37, 0x09, 0x32, 0x30, 0x30, 0x36, 0x09, 0x2d, 0x09, 0x41, 0x70, 0x72,
0x09, 0x53, 0x75, 0x6e, 0x3e, 0x3d, 0x31, 0x09, 0x32, 0x3a, 0x30, 0x30, 0x09, 0x31, 0x3a, 0x30,
0x30, 0x09, 0x44, 0x0a, 0x52, 0x75, 0x6c, 0x65, 0x09, 0x55, 0x53, 0x09, 0x32, 0x30, 0x30, 0x37,
0x09, 0x6d, 0x61, 0x78, 0x09, 0x2d, 0x09, 0x4d, 0x61, 0x72, 0x09, 0x53, 0x75, 0x6e, 0x3e, 0x3d,
0x38, 0x09, 0x32, 0x3a, 0x30, 0x30, 0x09, 0x31, 0x3a, 0x30, 0x30, 0x09, 0x44, 0x0a, 0x52, 0x75,
0x6c, 0x65, 0x09, 0x55, 0x53, 0x09, 0x32, 0x30, 0x30, 0x37, 0x09, 0x6d, 0x61, 0x78, 0x09, 0x2d,
0x09, 0x4e, 0x6f, 0x76, 0x09, 0x53, 0x75, 0x6e, 0x3e, 0x3d, 0x31, 0x09, 0x32, 0x3a, 0x30, 0x30,
0x09, 0x30, 0x09, 0x53, 0x0a, 0x5a, 0x6f, 0x6e, 0x65, 0x09, 0x45, 0x53, 0x54, 0x09, 0x09, 0x20,
0x2d, 0x35, 0x3a, 0x30, 0x30, 0x09, 0x2d, 0x09, 0x45, 0x53, 0x54, 0x0a, 0x5a, 0x6f, 0x6e, 0x65,
0x09, 0x4d, 0x53, 0x54, 0x09, 0x09, 0x20, 0x2d, 0x37, 0x3a, 0x30, 0x30, 0x09, 0x2d, 0x09, 0x4d,
0x53, 0x54, 0x0a, 0x5a, 0x6f, 0x6e, 0x65, 0x09, 0x48, 0x53, 0x54, 0x09, 0x09, 0x2d, 0x31, 0x30,
0x3a, 0x30, 0x30, 0x09, 0x2d, 0x09, 0x48, 0x53, 0x54, 0x0a, 0x5a, 0x6f, 0x6e, 0x65, 0x09, 0x45,
0x53, 0x54, 0x35, 0x45, 0x44, 0x54, 0x09, 0x09, 0x20, 0x2d, 0x35, 0x3a, 0x30, 0x30, 0x09, 0x55,
0x53, 0x09, 0x45, 0x25, 0x73, 0x54, 0x0a, 0x5a, 0x6f, 0x6e, 0x65, 0x09, 0x43, 0x53, 0x54, 0x36,
0x43, 0x44, 0x54, 0x09, 0x09, 0x20, 0x2d, 0x36, 0x3a, 0x30, 0x30, 0x09, 0x55, 0x53, 0x09, 0x43,
0x25, 0x73, 0x54, 0x0a, 0x5a, 0x6f, 0x6e, 0x65, 0x09, 0x4d, 0x53, 0x54, 0x37, 0x4d, 0x44, 0x54,
0x09, 0x09, 0x20, 0x2d, 0x37, 0x3a, 0x30, 0x30, 0x09, 0x55, 0x53, 0x09, 0x4d, 0x25, 0x73, 0x54,
0x0a, 0x5a, 0x6f, 0x6e, 0x65, 0x09, 0x50, 0x53, 0x54, 0x38, 0x50, 0x44, 0x54, 0x09, 0x09, 0x20,
0x2d, 0x38, 0x3a, 0x30, 0x30, 0x09, 0x55, 0x53, 0x09, 0x50, 0x25, 0x73, 0x54, 0x0a, 0x52, 0x75,
0x6c, 0x65, 0x09, 0x4e, 0x59, 0x43, 0x09, 0x31, 0x39, 0x32, 0x30, 0x09, 0x6f, 0x6e, 0x6c, 0x79,
0x09, 0x2d, 0x09, 0x4d, 0x61, 0x72, 0x09, 0x6c, 0x61, 0x73, 0x74, 0x53, 0x75, 0x6e, 0x09, 0x32,
0x3a, 0x30, 0x30, 0x09, 0x31, 0x3a, 0x30, 0x30, 0x09, 0x44, 0x0a, 0x52, 0x75, 0x6c, 0x65, 0x09,
0x4e, 0x59, 0x43, 0x09, 0x31, 0x39, 0x32, 0x30, 0x09, 0x6f, 0x6e, 0x6c, 0x79, 0x09, 0x2d, 0x09,
0x4f, 0x63, 0x74, 0x09, 0x6c, 0x61, 0x73, 0x74, 0x53, 0x75, 0x6e, 0x09, 0x32, 0x3a, 0x30, 0x30,
0x09, 0x30, 0x09, 0x53, 0x0a, 0x52, 0x75, 0x6c, 0x65, 0x09, 0x4e, 0x59, 0x43, 0x09, 0x31, 0x39,
0x32, 0x31, 0x09, 0x31, 0x39, 0x36, 0x36, 0x09, 0x2d, 0x09, 0x41, 0x70, 0x72, 0x09, 0x6c, 0x61,
0x73, 0x74, 0x53, 0x75, 0x6e, 0x09, 0x32, 0x3a, 0x30, 0x30, 0x09, 0x31, 0x3a, 0x30, 0x30, 0x09,
0x44, 0x0a, 0x52, 0x75, 0x6c, 0x65, 0x09, 0x4e, 0x59, 0x43, 0x09, 0x31, 0x39, 0x32, 0x31, 0x09,
0x31, 0x39, 0x35, 0x34, 0x09, 0x2d, 0x09, 0x53, 0x65, 0x70, 0x09, 0x6c, 0x61, 0x73, 0x74, 0x53,
0x75, 0x6e, 0x09, 0x32, 0x3a, 0x30, 0x30, 0x09, 0x30, 0x09, 0x53, 0x0a, 0x52, 0x75, 0x6c, 0x65,
0x09, 0x4e, 0x59, 0x43, 0x09, 0x31, 0x39, 0x35, 0x35, 0x09, 0x31, 0x39, 0x36, 0x36, 0x09, 0x2d,
0x09, 0x4f, 0x63, 0x74, 0x09, 0x6c, 0x61, 0x73, 0x74, 0x53, 0x75, 0x6e, 0x09, 0x32, 0x3a, 0x30,
0x30, 0x09, 0x30, 0x09, 0x53, 0x0a, 0x09, 0x09, 0x23, 0x53, 0x54, 0x44, 0x4f, 0x46, 0x46, 0x09,
0x2d, 0x34, 0x3a, 0x35, 0x36, 0x3a, 0x30, 0x31, 0x2e, 0x36, 0x0a, 0x5a, 0x6f, 0x6e, 0x65, 0x20,
0x41, 0x6d, 0x65, 0x72, 0x69, 0x63, 0x61, 0x2f, 0x4e, 0x65, 0x77, 0x5f, 0x59, 0x6f, 0x72, 0x6b,
0x09, 0x2d, 0x34, 0x3a, 0x35, 0x36, 0x3a, 0x30, 0x32, 0x20, 0x2d, 0x09, 0x4c, 0x4d, 0x54, 0x09,
0x31, 0x38, 0x38, 0x33, 0x20, 0x4e, 0x6f, 0x76, 0x20, 0x31, 0x38, 0x20, 0x31, 0x37, 0x3a, 0x30,
0x30, 0x75, 0x0a, 0x09, 0x09, 0x09, 0x2d, 0x35, 0x3a, 0x30, 0x30, 0x09, 0x55, 0x53, 0x09, 0x45,
0x25, 0x73, 0x54, 0x09, 0x31, 0x39, 0x32, 0x30, 0x0a, 0x09, 0x09, 0x09, 0x2d, 0x35, 0x3a, 0x30,
0x30, 0x09, 0x4e, 0x59, 0x43, 0x09, 0x45, 0x25, 0x73, 0x54, 0x09, 0x31, 0x39, 0x34, 0x32, 0x0a,
0x09, 0x09, 0x09, 0x2d, 0x35, 0x3a, 0x30, 0x30, 0x09, 0x55, 0x53, 0x09, 0x45, 0x25, 0x73, 0x54,
0x09, 0x31, 0x39, 0x34, 0x36, 0x0a, 0x09, 0x09, 0x09, 0x2d, 0x35, 0x3a, 0x30, 0x30, 0x09, 0x4e,
0x59, 0x43, 0x09, 0x45, 0x25, 0x73, 0x54, 0x09, 0x31, 0x39, 0x36, 0x37, 0x0a, 0x09, 0x09, 0x09,
0x2d, 0x35, 0x3a, 0x30, 0x30, 0x09, 0x55, 0x53, 0x09, 0x45, 0x25, 0x73, 0x54, 0x0a, 0x52, 0x75,
0x6c, 0x65, 0x09, 0x43, 0x68, 0x69, 0x63, 0x61, 0x67, 0x6f, 0x09, 0x31, 0x39, 0x32, 0x30, 0x09,
0x6f, 0x6e, 0x6c, 0x79, 0x09, 0x2d, 0x09, 0x4a, 0x75, 0x6e, 0x09, 0x31, 0x33, 0x09, 0x32, 0x3a,
0x30, 0x30, 0x09, 0x31, 0x3a, 0x30, 0x30, 0x09, 0x44, 0x0a, 0x52, 0x75, 0x6c, 0x65, 0x09, 0x43,
0x68, 0x69, 0x63, 0x61, 0x67, 0x6f, 0x09, 0x31, 0x39, 0x32, 0x30, 0x09, 0x31, 0x39, 0x32, 0x31,
0x09, 0x2d, 0x09, 0x4f, 0x63, 0x74, 0x09, 0x6c, 0x61, 0x73, 0x74, 0x53, 0x75, 0x6e, 0x09, 0x32,
0x3a, 0x30, 0x30, 0x09, 0x30, 0x09, 0x53, 0x0a, 0x52, 0x75, 0x6c, 0x65, 0x09, 0x43, 0x68, 0x69,
0x63, 0x61, 0x67, 0x6f, 0x09, 0x31, 0x39, 0x32, 0x31, 0x09, 0x6f, 0x6e, 0x6c, 0x79, 0x09, 0x2d,
0x09, 0x4d, 0x61, 0x72, 0x09, 0x6c, 0x61, 0x73, 0x74, 0x53, 0x75, 0x6e, 0x09, 0x32, 0x3a, 0x30,
0x30, 0x09, 0x31, 0x3a, 0x30, 0x30, 0x09, 0x44, 0x0a, 0x52, 0x75, 0x6c, 0x65, 0x09, 0x43, 0x68,
0x69, 0x63, 0x61, 0x67, 0x6f, 0x09, 0x31, 0x39, 0x32, 0x32, 0x09, 0x31, 0x39, 0x36, 0x36, 0x09,
0x2d, 0x09, 0x41, 0x70, 0x72, 0x09, 0x6c, 0x61, 0x73, 0x74, 0x53, 0x75, 0x6e, 0x09, 0x32, 0x3a,
0x30, 0x30, 0x09, 0x31, 0x3a, 0x30, 0x30, 0x09, 0x44, 0x0a, 0x52, 0x75, 0x6c, 0x65, 0x09, 0x43,
0x68, 0x69, 0x63, 0x61, 0x67, 0x6f, 0x09, 0x31, 0x39, 0x32, 0x32, 0x09, 0x31, 0x39, 0x35, 0x34,
0x09, 0x2d, 0x09, 0x53, 0x65, 0x70, 0x09, 0x6c, 0x61, 0x73, 0x74, 0x53, 0x75, 0x6e, 0x09, 0x32,
0x3a, 0x30, 0x30, 0x09, 0x30, 0x09, 0x53, 0x0a, 0x52, 0x75, 0x6c, 0x65, 0x09, 0x43, 0x68, 0x69,
0x63, 0x61, 0x67, 0x6f, 0x09, 0x31, 0x39, 0x35, 0x35, 0x09, 0x31, 0x39, 0x36, 0x36, 0x09, 0x2d,
0x09, 0x4f, 0x63, 0x74, 0x09, 0x6c, 0x61, 0x73, 0x74, 0x53, 0x75, 0x6e, 0x09, 0x32, 0x3a, 0x30,
0x30, 0x09, 0x30, 0x09, 0x53, 0x0a, 0x5a, 0x6f, 0x6e, 0x65, 0x20, 0x41, 0x6d, 0x65, 0x72, 0x69,
0x63, 0x61, 0x2f, 0x43, 0x68, 0x69, 0x63, 0x61, 0x67, 0x6f, 0x09, 0x2d, 0x35, 0x3a, 0x35, 0x30,
0x3a, 0x33, 0x36, 0x20, 0x2d, 0x09, 0x4c, 0x4d, 0x54, 0x09, 0x31, 0x38, 0x38, 0x33, 0x20, 0x4e,
0x6f, 0x76, 0x20, 0x31, 0x38, 0x20, 0x31, 0x38, 0x3a, 0x30, 0x30, 0x75, 0x0a, 0x09, 0x09, 0x09,
0x2d, 0x36, 0x3a, 0x30, 0x30, 0x09, 0x55, 0x53, 0x09, 0x43, 0x25, 0x73, 0x54, 0x09, 0x31, 0x39,
0x32, 0x30, 0x0a, 0x09, 0x09, 0x09, 0x2d, 0x36, 0x3a, 0x30, 0x30, 0x09, 0x43, 0x68, 0x69, 0x63,
0x61, 0x67, 0x6f, 0x09, 0x43, 0x25, 0x73, 0x54, 0x09, 0x31, 0x39, 0x33, 0x36, 0x20, 0x4d, 0x61,
0x72, 0x20, 0x20, 0x31, 0x20, 0x20, 0x32, 0x3a, 0x30, 0x30, 0x0a, 0x09, 0x09, 0x09, 0x2d, 0x35,
0x3a, 0x30, 0x30, 0x09, 0x2d, 0x09, 0x45, 0x53, 0x54, 0x09, 0x31, 0x39, 0x33, 0x36, 0x20, 0x4e,
0x6f, 0x76, 0x20, 0x31, 0x35, 0x20, 0x20, 0x32, 0x3a, 0x30, 0x30, 0x0a, 0x09, 0x09, 0x09, 0x2d,
0x36, 0x3a, 0x30, 0x30, 0x09, 0x43, 0x68, 0x69, 0x63, 0x61, 0x67, 0x6f, 0x09, 0x43, 0x25, 0x73,
0x54, 0x09, 0x31, 0x39, 0x34, 0x32, 0x0a, 0x09, 0x09, 0x09, 0x2d, 0x36, 0x3a, 0x30, 0x30, 0x09,
0x55, 0x53, 0x09, 0x43, 0x25, 0x73, 0x54, 0x09, 0x31, 0x39, 0x34, 0x36, 0x0a, 0x09, 0x09, 0x09,
0x2d, 0x36, 0x3a, 0x30, 0x30, 0x09, 0x43, 0x68, 0x69, 0x63, 0x61, 0x67, 0x6f, 0x09, 0x43, 0x25,
0x73, 0x54, 0x09, 0x31, 0x39, 0x36, 0x37, 0x0a, 0x09, 0x09, 0x09, 0x2d, 0x36, 0x3a, 0x30, 0x30,
0x09, 0x55, 0x53, 0x09, 0x43, 0x25, 0x73, 0x54, 0x0a, 0x5a, 0x6f, 0x6e, 0x65, 0x20, 0x41, 0x6d,
0x65, 0x72, 0x69, 0x63, 0x61, 0x2f, 0x4e, 0x6f, 0x72, 0x74, 0x68, 0x5f, 0x44, 0x61, 0x6b, 0x6f,
0x74, 0x61, 0x2f, 0x43, 0x65, 0x6e, 0x74, 0x65, 0x72, 0x20, 0x2d, 0x36, 0x3a, 0x34, 0x35, 0x3a,
0x31, 0x32, 0x20, 0x2d, 0x20, 0x4c, 0x4d, 0x54, 0x09, 0x31, 0x38, 0x38, 0x33, 0x20, 0x4e, 0x6f,
0x76, 0x20, 0x31, 0x38, 0x20, 0x31, 0x39, 0x3a, 0x30, 0x30, 0x75, 0x0a, 0x09, 0x09, 0x09, 0x2d,
0x37, 0x3a, 0x30, 0x30, 0x09, 0x55, 0x53, 0x09, 0x4d, 0x25, 0x73, 0x54, 0x09, 0x31, 0x39, 0x39,
0x32, 0x20, 0x4f, 0x63, 0x74, 0x20, 0x32, 0x35, 0x20, 0x20, 0x32, 0x3a, 0x30, 0x30, 0x0a, 0x09,
0x09, 0x09, 0x2d, 0x36, 0x3a, 0x30, 0x30, 0x09, 0x55, 0x53, 0x09, 0x43, 0x25, 0x73, 0x54, 0x0a,
0x5a, 0x6f, 0x6e, 0x65, 0x20, 0x41, 0x6d, 0x65, 0x72, 0x69, 0x63, 0x61, 0x2f, 0x4e, 0x6f, 0x72,
0x74, 0x68, 0x5f, 0x44, 0x61, 0x6b, 0x6f, 0x74, 0x61, 0x2f, 0x4e, 0x65, 0x77, 0x5f, 0x53, 0x61,
0x6c, 0x65, 0x6d, 0x20, 0x2d, 0x36, 0x3a, 0x34, 0x35, 0x3a, 0x33, 0x39, 0x20, 0x2d, 0x20, 0x4c,
0x4d, 0x54, 0x20, 0x31, 0x38, 0x38, 0x33, 0x20, 0x4e, 0x6f, 0x76, 0x20, 0x31, 0x38, 0x20, 0x31,
0x39, 0x3a, 0x30, 0x30, 0x75, 0x0a, 0x09, 0x09, 0x09, 0x2d, 0x37, 0x3a, 0x30, 0x30, 0x09, 0x55,
0x53, 0x09, 0x4d, 0x25, 0x73, 0x54, 0x09, 0x32, 0x30, 0x30, 0x33, 0x20, 0x4f, 0x63, 0x74, 0x20,
0x32, 0x36, 0x20, 0x20, 0x32, 0x3a, 0x30, 0x30, 0x0a, 0x09, 0x09, 0x09, 0x2d, 0x36, 0x3a, 0x30,
0x30, 0x09, 0x55, 0x53, 0x09, 0x43, 0x25, 0x73, 0x54, 0x0a, 0x5a, 0x6f, 0x6e, 0x65, 0x20, 0x41,
0x6d, 0x65, 0x72, 0x69, 0x63, 0x61, 0x2f, 0x4e, 0x6f, 0x72, 0x74, 0x68, 0x5f, 0x44, 0x61, 0x6b,
0x6f, 0x74, 0x61, 0x2f, 0x42, 0x65, 0x75, 0x6c, 0x61, 0x68, 0x20, 0x2d, 0x36, 0x3a, 0x34, 0x37,
0x3a, 0x30, 0x37, 0x20, 0x2d, 0x20, 0x4c, 0x4d, 0x54, 0x09, 0x31, 0x38, 0x38, 0x33, 0x20, 0x4e,
0x6f, 0x76, 0x20, 0x31, 0x38, 0x20, 0x31, 0x39, 0x3a, 0x30, 0x30, 0x75, 0x0a, 0x09, 0x09, 0x09,
0x2d, 0x37, 0x3a, 0x30, 0x30, 0x09, 0x55, 0x53, 0x09, 0x4d, 0x25, 0x73, 0x54, 0x09, 0x32, 0x30,
0x31, 0x30, 0x20, 0x4e, 0x6f, 0x76, 0x20, 0x20, 0x37, 0x20, 0x20, 0x32, 0x3a, 0x30, 0x30, 0x0a,
0x09, 0x09, 0x09, 0x2d, 0x36, 0x3a, 0x30, 0x30, 0x09, 0x55, 0x53, 0x09, 0x43, 0x25, 0x73, 0x54,
0x0a, 0x52, 0x75, 0x6c, 0x65, 0x09, 0x44, 0x65, 0x6e, 0x76, 0x65, 0x72, 0x09, 0x31, 0x39, 0x32,
0x30, 0x09, 0x31, 0x39, 0x32, 0x31, 0x09, 0x2d, 0x09, 0x4d, 0x61, 0x72, 0x09, 0x6c, 0x61, 0x73,
0x74, 0x53, 0x75, 0x6e, 0x09, 0x32, 0x3a, 0x30, 0x30, 0x09, 0x31, 0x3a, 0x30, 0x30, 0x09, 0x44,
0x0a, 0x52, 0x75, 0x6c, 0x65, 0x09, 0x44, 0x65, 0x6e, 0x76, 0x65, 0x72, 0x09, 0x31, 0x39, 0x32,
0x30, 0x09, 0x6f, 0x6e, 0x6c, 0x79, 0x09, 0x2d, 0x09, 0x4f, 0x63, 0x74, 0x09, 0x6c, 0x61, 0x73,
0x74, 0x53, 0x75, 0x6e, 0x09, 0x32, 0x3a, 0x30, 0x30, 0x09, 0x30, 0x09, 0x53, 0x0a, 0x52, 0x75,
0x6c, 0x65, 0x09, 0x44, 0x65, 0x6e, 0x76, 0x65, 0x72, 0x09, 0x31, 0x39, 0x32, 0x31, 0x09, 0x6f,
0x6e, 0x6c, 0x79, 0x09, 0x2d, 0x09, 0x4d, 0x61, 0x79, 0x09, 0x32, 0x32, 0x09, 0x32, 0x3a, 0x30,
0x30, 0x09, 0x30, 0x09, 0x53, 0x0a, 0x52, 0x75, 0x6c, 0x65, 0x09, 0x44, 0x65, 0x6e, 0x76, 0x65,
0x72, 0x09, 0x31, 0x39, 0x36, 0x35, 0x09, 0x31, 0x39, 0x36, 0x36, 0x09, 0x2d, 0x09, 0x41, 0x70,
0x72, 0x09, 0x6c, 0x61, 0x73, 0x74, 0x53, 0x75, 0x6e, 0x09, 0x32, 0x3a, 0x30, 0x30, 0x09, 0x31,
0x3a, 0x30, 0x30, 0x09, 0x44, 0x0a, 0x52, 0x75, 0x6c, 0x65, 0x09, 0x44, 0x65, 0x6e, 0x76, 0x65,
0x72, 0x09, 0x31, 0x39, 0x36, 0x35, 0x09, 0x31, 0x39, 0x36, 0x36, 0x09, 0x2d, 0x09, 0x4f, 0x63,
0x74, 0x09, 0x6c, 0x61, 0x73, 0x74, 0x53, 0x75, 0x6e, 0x09, 0x32, 0x3a, 0x30, 0x30, 0x09, 0x30,
0x09, 0x53, 0x0a, 0x5a, 0x6f, 0x6e, 0x65, 0x20, 0x41, 0x6d, 0x65, 0x72, 0x69, 0x63, 0x61, 0x2f,
0x44, 0x65, 0x6e, 0x76, 0x65, 0x72, 0x09, 0x2d, 0x36, 0x3a, 0x35, 0x39, 0x3a, 0x35, 0x36, 0x20,
0x2d, 0x09, 0x4c, 0x4d, 0x54, 0x09, 0x31, 0x38, 0x38, 0x33, 0x20, 0x4e, 0x6f, 0x76, 0x20, 0x31,
0x38, 0x20, 0x31, 0x39, 0x3a, 0x30, 0x30, 0x75, 0x0a, 0x09, 0x09, 0x09, 0x2d, 0x37, 0x3a, 0x30,
0x30, 0x09, 0x55, 0x53, 0x09, 0x4d, 0x25, 0x73, 0x54, 0x09, 0x31, 0x39, 0x32, 0x30, 0x0a, 0x09,
0x09, 0x09, 0x2d, 0x37, 0x3a, 0x30, 0x30, 0x09, 0x44, 0x65, 0x6e, 0x76, 0x65, 0x72, 0x09, 0x4d,
0x25, 0x73, 0x54, 0x09, 0x31, 0x39, 0x34, 0x32, 0x0a, 0x09, 0x09, 0x09, 0x2d, 0x37, 0x3a, 0x30,
0x30, 0x09, 0x55, 0x53, 0x09, 0x4d, 0x25, 0x73, 0x54, 0x09, 0x31, 0x39, 0x34, 0x36, 0x0a, 0x09,
0x09, 0x09, 0x2d, 0x37, 0x3a, 0x30, 0x30, 0x09, 0x44, 0x65, 0x6e, 0x76, 0x65, 0x72, 0x09, 0x4d,
0x25, 0x73, 0x54, 0x09, 0x31, 0x39, 0x36, 0x37, 0x0a, 0x09, 0x09, 0x09, 0x2d, 0x37, 0x3a, 0x30,
0x30, 0x09, 0x55, 0x53, 0x09, 0x4d, 0x25, 0x73, 0x54, 0x0a, 0x52, 0x75, 0x6c, 0x65, 0x09, 0x43,
0x41, 0x09, 0x31, 0x39, 0x34, 0x38, 0x09, 0x6f, 0x6e, 0x6c, 0x79, 0x09, 0x2d, 0x09, 0x4d, 0x61,
0x72, 0x09, 0x31, 0x34, 0x09, 0x32, 0x3a, 0x30, 0x31, 0x09, 0x31, 0x3a, 0x30, 0x30, 0x09, 0x44,
0x0a, 0x52, 0x75, 0x6c, 0x65, 0x09, 0x43, 0x41, 0x09, 0x31, 0x39, 0x34, 0x39, 0x09, 0x6f, 0x6e,
0x6c, 0x79, 0x09, 0x2d, 0x09, 0x4a, 0x61, 0x6e, 0x09, 0x20, 0x31, 0x09, 0x32, 0x3a, 0x30, 0x30,
0x09, 0x30, 0x09, 0x53, 0x0a, 0x52, 0x75, 0x6c, 0x65, 0x09, 0x43, 0x41, 0x09, 0x31, 0x39, 0x35,
0x30, 0x09, 0x31, 0x39, 0x36, 0x36, 0x09, 0x2d, 0x09, 0x41, 0x70, 0x72, 0x09, 0x6c, 0x61, 0x73,
0x74, 0x53, 0x75, 0x6e, 0x09, 0x31, 0x3a, 0x30, 0x30, 0x09, 0x31, 0x3a, 0x30, 0x30, 0x09, 0x44,
0x0a, 0x52, 0x75, 0x6c, 0x65, 0x09, 0x43, 0x41, 0x09, 0x31, 0x39, 0x35, 0x30, 0x09, 0x31, 0x39,
0x36, 0x31, 0x09, 0x2d, 0x09, 0x53, 0x65, 0x70, 0x09, 0x6c, 0x61, 0x73, 0x74, 0x53, 0x75, 0x6e,
0x09, 0x32, 0x3a, 0x30, 0x30, 0x09, 0x30, 0x09, 0x53, 0x0a, 0x52, 0x75, 0x6c, 0x65, 0x09, 0x43,
0x41, 0x09, 0x31, 0x39, 0x36, 0x32, 0x09, 0x31, 0x39, 0x36, 0x36, 0x09, 0x2d, 0x09, 0x4f, 0x63,
0x74, 0x09, 0x6c, 0x61, 0x73, 0x74, 0x53, 0x75, 0x6e, 0x09, 0x32, 0x3a, 0x30, 0x30, 0x09, 0x30,
0x09, 0x53, 0x0a, 0x5a, 0x6f, 0x6e, 0x65, 0x20, 0x41, 0x6d, 0x65, 0x72, 0x69, 0x63, 0x61, 0x2f,
0x4c, 0x6f, 0x73, 0x5f, 0x41, 0x6e, 0x67, 0x65, 0x6c, 0x65, 0x73, 0x20, 0x2d, 0x37, 0x3a, 0x35,
0x32, 0x3a, 0x35, 0x38, 0x20, 0x2d, 0x09, 0x4c, 0x4d, 0x54, 0x09, 0x31, 0x38, 0x38, 0x33, 0x20,
0x4e, 0x6f, 0x76, 0x20, 0x31, 0x38, 0x20, 0x32, 0x30, 0x3a, 0x30, 0x30, 0x75, 0x0a, 0x09, 0x09,
0x09, 0x2d, 0x38, 0x3a, 0x30, 0x30, 0x09, 0x55, 0x53, 0x09, 0x50, 0x25, 0x73, 0x54, 0x09, 0x31,
0x39, 0x34, 0x36, 0x0a, 0x09, 0x09, 0x09, 0x2d, 0x38, 0x3a, 0x30, 0x30, 0x09, 0x43, 0x41, 0x09,
0x50, 0x25, 0x73, 0x54, 0x09, 0x31, 0x39, 0x36, 0x37, 0x0a, 0x09, 0x09, 0x09, 0x2d, 0x38, 0x3a,
0x30, 0x30, 0x09, 0x55, 0x53, 0x09, 0x50, 0x25, 0x73, 0x54, 0x0a, 0x5a, 0x6f, 0x6e, 0x65, 0x20,
0x41, 0x6d, 0x65, 0x72, 0x69, 0x63, 0x61, 0x2f, 0x4a, 0x75, 0x6e, 0x65, 0x61, 0x75, 0x09, 0x20,
0x31, 0x35, 0x3a, 0x30, 0x32, 0x3a, 0x31, 0x39, 0x20, 0x2d, 0x09, 0x4c, 0x4d, 0x54, 0x09, 0x31,
0x38, 0x36, 0x37, 0x20, 0x4f, 0x63, 0x74, 0x20, 0x31, 0x39, 0x20, 0x31, 0x35, 0x3a, 0x33, 0x33,
0x3a, 0x33, 0x32, 0x0a, 0x09, 0x09, 0x09, 0x20, 0x2d, 0x38, 0x3a, 0x35, 0x37, 0x3a, 0x34, 0x31,
0x20, 0x2d, 0x09, 0x4c, 0x4d, 0x54, 0x09, 0x31, 0x39, 0x30, 0x30, 0x20, 0x41, 0x75, 0x67, 0x20,
0x32, 0x30, 0x20, 0x31, 0x32, 0x3a, 0x30, 0x30, 0x0a, 0x09, 0x09, 0x09, 0x20, 0x2d, 0x38, 0x3a,
0x30, 0x30, 0x09, 0x2d, 0x09, 0x50, 0x53, 0x54, 0x09, 0x31, 0x39, 0x34, 0x32, 0x0a, 0x09, 0x09,
0x09, 0x20, 0x2d, 0x38, 0x3a, 0x30, 0x30, 0x09, 0x55, 0x53, 0x09, 0x50, 0x25, 0x73, 0x54, 0x09,
0x31, 0x39, 0x34, 0x36, 0x0a, 0x09, 0x09, 0x09, 0x20, 0x2d, 0x38, 0x3a, 0x30, 0x30, 0x09, 0x2d,
0x09, 0x50, 0x53, 0x54, 0x09, 0x31, 0x39, 0x36, 0x39, 0x0a, 0x09, 0x09, 0x09, 0x20, 0x2d, 0x38,
0x3a, 0x30, 0x30, 0x09, 0x55, 0x53, 0x09, 0x50, 0x25, 0x73, 0x54, 0x09, 0x31, 0x39, 0x38, 0x30,
0x20, 0x41, 0x70, 0x72, 0x20, 0x32, 0x37, 0x20, 0x20, 0x32, 0x3a, 0x30, 0x30, 0x0a, 0x09, 0x09,
0x09, 0x20, 0x2d, 0x39, 0x3a, 0x30, 0x30, 0x09, 0x55, 0x53, 0x09, 0x59, 0x25, 0x73, 0x54, 0x09,
0x31, 0x39, 0x38, 0x30, 0x20, 0x4f, 0x63, 0x74, 0x20, 0x32, 0x36, 0x20, 0x20, 0x32, 0x3a, 0x30,
0x30, 0x0a, 0x09, 0x09, 0x09, 0x20, 0x2d, 0x38, 0x3a, 0x30, 0x30, 0x09, 0x55, 0x53, 0x09, 0x50,
0x25, 0x73, 0x54, 0x09, 0x31, 0x39, 0x38, 0x33, 0x20, 0x4f, 0x63, 0x74, 0x20, 0x33, 0x30, 0x20,
0x20, 0x32, 0x3a, 0x30, 0x30, 0x0a, 0x09, 0x09, 0x09, 0x20, 0x2d, 0x39, 0x3a, 0x30, 0x30, 0x09,
0x55, 0x53, 0x09, 0x59, 0x25, 0x73, 0x54, 0x09, 0x31, 0x39, 0x38, 0x33, 0x20, 0x4e, 0x6f, 0x76,
0x20, 0x33, 0x30, 0x0a, 0x09, 0x09, 0x09, 0x20, 0x2d, 0x39, 0x3a, 0x30, 0x30, 0x09, 0x55, 0x53,
0x09, 0x41, 0x4b, 0x25, 0x73, 0x54, 0x0a, 0x5a, 0x6f, 0x6e, 0x65, 0x20, 0x41, 0x6d, 0x65, 0x72,
0x69, 0x63, 0x61, 0x2f, 0x53, 0x69, 0x74, 0x6b, 0x61, 0x09, 0x20, 0x31, 0x34, 0x3a, 0x35, 0x38,
0x3a, 0x34, 0x37, 0x20, 0x2d, 0x09, 0x4c, 0x4d, 0x54, 0x09, 0x31, 0x38, 0x36, 0x37, 0x20, 0x4f,
0x63, 0x74, 0x20, 0x31, 0x39, 0x20, 0x31, 0x35, 0x3a, 0x33, 0x30, 0x0a, 0x09, 0x09, 0x09, 0x20,
0x2d, 0x39, 0x3a, 0x30, 0x31, 0x3a, 0x31, 0x33, 0x20, 0x2d, 0x09, 0x4c, 0x4d, 0x54, 0x09, 0x31,
0x39, 0x30, 0x30, 0x20, 0x41, 0x75, 0x67, 0x20, 0x32, 0x30, 0x20, 0x31, 0x32, 0x3a, 0x30, 0x30,
0x0a, 0x09, 0x09, 0x09, 0x20, 0x2d, 0x38, 0x3a, 0x30, 0x30, 0x09, 0x2d, 0x09, 0x50, 0x53, 0x54,
0x09, 0x31, 0x39, 0x34, 0x32, 0x0a, 0x09, 0x09, 0x09, 0x20, 0x2d, 0x38, 0x3a, 0x30, 0x30, 0x09,
0x55, 0x53, 0x09, 0x50, 0x25, 0x73, 0x54, 0x09, 0x31, 0x39, 0x34, 0x36, 0x0a, 0x09, 0x09, 0x09,
0x20, 0x2d, 0x38, 0x3a, 0x30, 0x30, 0x09, 0x2d, 0x09, 0x50, 0x53, 0x54, 0x09, 0x31, 0x39, 0x36,
0x39, 0x0a, 0x09, 0x09, 0x09, 0x20, 0x2d, 0x38, 0x3a, 0x30, 0x30, 0x09, 0x55, 0x53, 0x09, 0x50,
0x25, 0x73, 0x54, 0x09, 0x31, 0x39, 0x38, 0x33, 0x20, 0x4f, 0x63, 0x74, 0x20, 0x33, 0x30, 0x20,
0x20, 0x32, 0x3a, 0x30, 0x30, 0x0a, 0x09, 0x09, 0x09, 0x20, 0x2d, 0x39, 0x3a, 0x30, 0x30, 0x09,
0x55, 0x53, 0x09, 0x59, 0x25, 0x73, 0x54, 0x09, 0x31, 0x39, 0x38, 0x33, 0x20, 0x4e, 0x6f, 0x76,
0x20, 0x33, 0x30, 0x0a, 0x09, 0x09, 0x09, 0x20, 0x2d, 0x39, 0x3a, 0x30, 0x30, 0x09, 0x55, 0x53,
0x09, 0x41, 0x4b, 0x25, 0x73, 0x54, 0x0a, 0x5a, 0x6f, 0x6e, 0x65, 0x20, 0x41, 0x6d, 0x65, 0x72,
0x69, 0x63, 0x61, 0x2f, 0x4d, 0x65, 0x74, 0x6c, 0x61, 0x6b, 0x61, 0x74, 0x6c, 0x61, 0x09, 0x20,
0x31, 0x35, 0x3a, 0x31, 0x33, 0x3a, 0x34, 0x32, 0x20, 0x2d, 0x09, 0x4c, 0x4d, 0x54, 0x09, 0x31,
0x38, 0x36, 0x37, 0x20, 0x4f, 0x63, 0x74, 0x20, 0x31, 0x39, 0x20, 0x31, 0x35, 0x3a, 0x34, 0x34,
0x3a, 0x35, 0x35, 0x0a, 0x09, 0x09, 0x09, 0x20, 0x2d, 0x38, 0x3a, 0x34, 0x36, 0x3a, 0x31, 0x38,
0x20, 0x2d, 0x09, 0x4c, 0x4d, 0x54, 0x09, 0x31, 0x39, 0x30, 0x30, 0x20, 0x41, 0x75, 0x67, 0x20,
0x32, 0x30, 0x20, 0x31, 0x32, 0x3a, 0x30, 0x30, 0x0a, 0x09, 0x09, 0x09, 0x20, 0x2d, 0x38, 0x3a,
0x30, 0x30, 0x09, 0x2d, 0x09, 0x50, 0x53, 0x54, 0x09, 0x31, 0x39, 0x34, 0x32, 0x0a, 0x09, 0x09,
0x09, 0x20, 0x2d, 0x38, 0x3a, 0x30, 0x30, 0x09, 0x55, 0x53, 0x09, 0x50, 0x25, 0x73, 0x54, 0x09,
0x31, 0x39, 0x34, 0x36, 0x0a, 0x09, 0x09, 0x09, 0x20, 0x2d, 0x38, 0x3a, 0x30, 0x30, 0x09, 0x2d,
0x09, 0x50, 0x53, 0x54, 0x09, 0x31, 0x39, 0x36, 0x39, 0x0a, 0x09, 0x09, 0x09, 0x20, 0x2d, 0x38,
0x3a, 0x30, 0x30, 0x09, 0x55, 0x53, 0x09, 0x50, 0x25, 0x73, 0x54, 0x09, 0x31, 0x39, 0x38, 0x33,
0x20, 0x4f, 0x63, 0x74, 0x20, 0x33, 0x30, 0x20, 0x20, 0x32, 0x3a, 0x30, 0x30, 0x0a, 0x09, 0x09,
0x09, 0x20, 0x2d, 0x38, 0x3a, 0x30, 0x30, 0x09, 0x2d, 0x09, 0x50, 0x53, 0x54, 0x09, 0x32, 0x30,
0x31, 0x35, 0x20, 0x4e, 0x6f, 0x76, 0x20, 0x20, 0x31, 0x20, 0x20, 0x32, 0x3a, 0x30, 0x30, 0x0a,
0x09, 0x09, 0x09, 0x20, 0x2d, 0x39, 0x3a, 0x30, 0x30, 0x09, 0x55, 0x53, 0x09, 0x41, 0x4b, 0x25,
0x73, 0x54, 0x09, 0x32, 0x30, 0x31, 0x38, 0x20, 0x4e, 0x6f, 0x76, 0x20, 0x20, 0x34, 0x20, 0x20,
0x32, 0x3a, 0x30, 0x30, 0x0a, 0x09, 0x09, 0x09, 0x20, 0x2d, 0x38, 0x3a, 0x30, 0x30, 0x09, 0x2d,
0x09, 0x50, 0x53, 0x54, 0x09, 0x32, 0x30, 0x31, 0x39, 0x20, 0x4a, 0x61, 0x6e, 0x20, 0x32, 0x30,
0x20, 0x20, 0x32, 0x3a, 0x30, 0x30, 0x0a, 0x09, 0x09, 0x09, 0x20, 0x2d, 0x39, 0x3a, 0x30, 0x30,
0x09, 0x55, 0x53, 0x09, 0x41, 0x4b, 0x25, 0x73, 0x54, 0x0a, 0x5a, 0x6f, 0x6e, 0x65, 0x20, 0x41,
0x6d, 0x65, 0x72, 0x69, 0x63, 0x61, 0x2f, 0x59, 0x61, 0x6b, 0x75, 0x74, 0x61, 0x74, 0x09, 0x20,
0x31, 0x34, 0x3a, 0x34, 0x31, 0x3a, 0x30, 0x35, 0x20, 0x2d, 0x09, 0x4c, 0x4d, 0x54, 0x09, 0x31,
0x38, 0x36, 0x37, 0x20, 0x4f, 0x63, 0x74, 0x20, 0x31, 0x39, 0x20, 0x31, 0x35, 0x3a, 0x31, 0x32,
0x3a, 0x31, 0x38, 0x0a, 0x09, 0x09, 0x09, 0x20, 0x2d, 0x39, 0x3a, 0x31, 0x38, 0x3a, 0x35, 0x35,
0x20, 0x2d, 0x09, 0x4c, 0x4d, 0x54, 0x09, 0x31, 0x39, 0x30, 0x30, 0x20, 0x41, 0x75, 0x67, 0x20,
0x32, 0x30, 0x20, 0x31, 0x32, 0x3a, 0x30, 0x30, 0x0a, 0x09, 0x09, 0x09, 0x20, 0x2d, 0x39, 0x3a,
0x30, 0x30, 0x09, 0x2d, 0x09, 0x59, 0x53, 0x54, 0x09, 0x31, 0x39, 0x34, 0x32, 0x0a, 0x09, 0x09,
0x09, 0x20, 0x2d, 0x39, 0x3a, 0x30, 0x30, 0x09, 0x55, 0x53, 0x09, 0x59, 0x25, 0x73, 0x54, 0x09,
0x31, 0x39, 0x34, 0x36, 0x0a, 0x09, 0x09, 0x09, 0x20, 0x2d, 0x39, 0x3a, 0x30, 0x30, 0x09, 0x2d,
0x09, 0x59, 0x53, 0x54, 0x09, 0x31, 0x39, 0x36, 0x39, 0x0a, 0x09, 0x09, 0x09, 0x20, 0x2d, 0x39,
0x3a, 0x30, 0x30, 0x09, 0x55, 0x53, 0x09, 0x59, 0x25, 0x73, 0x54, 0x09, 0x31, 0x39, 0x38, 0x33,
0x20, 0x4e, 0x6f, 0x76, 0x20, 0x33, 0x30, 0x0a, 0x09, 0x09, 0x09, 0x20, 0x2d, 0x39, 0x3a, 0x30,
0x30, 0x09, 0x55, 0x53, 0x09, 0x41, 0x4b, 0x25, 0x73, 0x54, 0x0a, 0x5a, 0x6f, 0x6e, 0x65, 0x20,
0x41, 0x6d, 0x65, 0x72, 0x69, 0x63, 0x61, 0x2f, 0x41, 0x6e, 0x63, 0x68, 0x6f, 0x72, 0x61, 0x67,
0x65, 0x09, 0x20, 0x31, 0x34, 0x3a, 0x30, 0x30, 0x3a, 0x32, 0x34, 0x20, 0x2d, 0x09, 0x4c, 0x4d,
0x54, 0x09, 0x31, 0x38, 0x36, 0x37, 0x20, 0x4f, 0x63, 0x74, 0x20, 0x31, 0x39, 0x20, 0x31, 0x34,
0x3a, 0x33, 0x31, 0x3a, 0x33, 0x37, 0x0a, 0x09, 0x09, 0x09, 0x20, 0x2d, 0x39, 0x3a, 0x35, 0x39,
0x3a, 0x33, 0x36, 0x20, 0x2d, 0x09, 0x4c, 0x4d, 0x54, 0x09, 0x31, 0x39, 0x30, 0x30, 0x20, 0x41,
0x75, 0x67, 0x20, 0x32, 0x30, 0x20, 0x31, 0x32, 0x3a, 0x30, 0x30, 0x0a, 0x09, 0x09, 0x09, 0x2d,
0x31, 0x30, 0x3a, 0x30, 0x30, 0x09, 0x2d, 0x09, 0x41, 0x53, 0x54, 0x09, 0x31, 0x39, 0x34, 0x32,
0x0a, 0x09, 0x09, 0x09, 0x2d, 0x31, 0x30, 0x3a, 0x30, 0x30, 0x09, 0x55, 0x53, 0x09, 0x41, 0x25,
0x73, 0x54, 0x09, 0x31, 0x39, 0x36, 0x37, 0x20, 0x41, 0x70, 0x72, 0x0a, 0x09, 0x09, 0x09, 0x2d,
0x31, 0x30, 0x3a, 0x30, 0x30, 0x09, 0x2d, 0x09, 0x41, 0x48, 0x53, 0x54, 0x09, 0x31, 0x39, 0x36,
0x39, 0x0a, 0x09, 0x09, 0x09, 0x2d, 0x31, 0x30, 0x3a, 0x30, 0x30, 0x09, 0x55, 0x53, 0x09, 0x41,
0x48, 0x25, 0x73, 0x54, 0x09, 0x31, 0x39, 0x38, 0x33, 0x20, 0x4f, 0x63, 0x74, 0x20, 0x33, 0x30,
0x20, 0x20, 0x32, 0x3a, 0x30, 0x30, 0x0a, 0x09, 0x09, 0x09, 0x20, 0x2d, 0x39, 0x3a, 0x30, 0x30,
0x09, 0x55, 0x53, 0x09, 0x59, 0x25, 0x73, 0x54, 0x09, 0x31, 0x39, 0x38, 0x33, 0x20, 0x4e, 0x6f,
0x76, 0x20, 0x33, 0x30, 0x0a, 0x09, 0x09, 0x09, 0x20, 0x2d, 0x39, 0x3a, 0x30, 0x30, 0x09, 0x55,
0x53, 0x09, 0x41, 0x4b, 0x25, 0x73, 0x54, 0x0a, 0x5a, 0x6f, 0x6e, 0x65, 0x20, 0x41, 0x6d, 0x65,
0x72, 0x69, 0x63, 0x61, 0x2f, 0x4e, 0x6f, 0x6d, 0x65, 0x09, 0x20, 0x31, 0x32, 0x3a, 0x35, 0x38,
0x3a, 0x32, 0x32, 0x20, 0x2d, 0x09, 0x4c, 0x4d, 0x54, 0x09, 0x31, 0x38, 0x36, 0x37, 0x20, 0x4f,
0x63, 0x74, 0x20, 0x31, 0x39, 0x20, 0x31, 0x33, 0x3a, 0x32, 0x39, 0x3a, 0x33, 0x35, 0x0a, 0x09,
0x09, 0x09, 0x2d, 0x31, 0x31, 0x3a, 0x30, 0x31, 0x3a, 0x33, 0x38, 0x20, 0x2d, 0x09, 0x4c, 0x4d,
0x54, 0x09, 0x31, 0x39, 0x30, 0x30, 0x20, 0x41, 0x75, 0x67, 0x20, 0x32, 0x30, 0x20, 0x31, 0x32,
0x3a, 0x30, 0x30, 0x0a, 0x09, 0x09, 0x09, 0x2d, 0x31, 0x31, 0x3a, 0x30, 0x30, 0x09, 0x2d, 0x09,
0x4e, 0x53, 0x54, 0x09, 0x31, 0x39, 0x34, 0x32, 0x0a, 0x09, 0x09, 0x09, 0x2d, 0x31, 0x31, 0x3a,
0x30, 0x30, 0x09, 0x55, 0x53, 0x09, 0x4e, 0x25, 0x73, 0x54, 0x09, 0x31, 0x39, 0x34, 0x36, 0x0a,
0x09, 0x09, 0x09, 0x2d, 0x31, 0x31, 0x3a, 0x30, 0x30, 0x09, 0x2d, 0x09, 0x4e, 0x53, 0x54, 0x09,
0x31, 0x39, 0x36, 0x37, 0x20, 0x41, 0x70, 0x72, 0x0a, 0x09, 0x09, 0x09, 0x2d, 0x31, 0x31, 0x3a,
0x30, 0x30, 0x09, 0x2d, 0x09, 0x42, 0x53, 0x54, 0x09, 0x31, 0x39, 0x36, 0x39, 0x0a, 0x09, 0x09,
0x09, 0x2d, 0x31, 0x31, 0x3a, 0x30, 0x30, 0x09, 0x55, 0x53, 0x09, 0x42, 0x25, 0x73, 0x54, 0x09,
0x31, 0x39, 0x38, 0x33, 0x20, 0x4f, 0x63, 0x74, 0x20, 0x33, 0x30, 0x20, 0x20, 0x32, 0x3a, 0x30,
0x30, 0x0a, 0x09, 0x09, 0x09, 0x20, 0x2d, 0x39, 0x3a, 0x30, 0x30, 0x09, 0x55, 0x53, 0x09, 0x59,
0x25, 0x73, 0x54, 0x09, 0x31, 0x39, 0x38, 0x33, 0x20, 0x4e, 0x6f, 0x76, 0x20, 0x33, 0x30, 0x0a,
0x09, 0x09, 0x09, 0x20, 0x2d, 0x39, 0x3a, 0x30, 0x30, 0x09, 0x55, 0x53, 0x09, 0x41, 0x4b, 0x25,
0x73, 0x54, 0x0a, 0x5a, 0x6f, 0x6e, 0x65, 0x20, 0x41, 0x6d, 0x65, 0x72, 0x69, 0x63, 0x61, 0x2f,
0x41, 0x64, 0x61, 0x6b, 0x09, 0x20, 0x31, 0x32, 0x3a, 0x31, 0x33, 0x3a, 0x32, 0x32, 0x20, 0x2d,
0x09, 0x4c, 0x4d, 0x54, 0x09, 0x31, 0x38, 0x36, 0x37, 0x20, 0x4f, 0x63, 0x74, 0x20, 0x31, 0x39,
0x20, 0x31, 0x32, 0x3a, 0x34, 0x34, 0x3a, 0x33, 0x35, 0x0a, 0x09, 0x09, 0x09, 0x2d, 0x31, 0x31,
0x3a, 0x34, 0x36, 0x3a, 0x33, 0x38, 0x20, 0x2d, 0x09, 0x4c, 0x4d, 0x54, 0x09, 0x31, 0x39, 0x30,
0x30, 0x20, 0x41, 0x75, 0x67, 0x20, 0x32, 0x30, 0x20, 0x31, 0x32, 0x3a, 0x30, 0x30, 0x0a, 0x09,
0x09, 0x09, 0x2d, 0x31, 0x31, 0x3a, 0x30, 0x30, 0x09, 0x2d, 0x09, 0x4e, 0x53, 0x54, 0x09, 0x31,
0x39, 0x34, 0x32, 0x0a, 0x09, 0x09, 0x09, 0x2d, 0x31, 0x31, 0x3a, 0x30, 0x30, 0x09, 0x55, 0x53,
0x09, 0x4e, 0x25, 0x73, 0x54, 0x09, 0x31, 0x39, 0x34, 0x36, 0x0a, 0x09, 0x09, 0x09, 0x2d, 0x31,
0x31, 0x3a, 0x30, 0x30, 0x09, 0x2d, 0x09, 0x4e, 0x53, 0x54, 0x09, 0x31, 0x39, 0x36, 0x37, 0x20,
0x41, 0x70, 0x72, 0x0a, 0x09, 0x09, 0x09, 0x2d, 0x31, 0x31, 0x3a, 0x30, 0x30, 0x09, 0x2d, 0x09,
0x42, 0x53, 0x54, 0x09, 0x31, 0x39, 0x36, 0x39, 0x0a, 0x09, 0x09, 0x09, 0x2d, 0x31, 0x31, 0x3a,
0x30, 0x30, 0x09, 0x55, 0x53, 0x09, 0x42, 0x25, 0x73, 0x54, 0x09, 0x31, 0x39, 0x38, 0x33, 0x20,
0x4f, 0x63, 0x74, 0x20, 0x33, 0x30, 0x20, 0x20, 0x32, 0x3a, 0x30, 0x30, 0x0a, 0x09, 0x09, 0x09,
0x2d, 0x31, 0x30, 0x3a, 0x30, 0x30, 0x09, 0x55, 0x53, 0x09, 0x41, 0x48, 0x25, 0x73, 0x54, 0x09,
0x31, 0x39, 0x38, 0x33, 0x20, 0x4e, 0x6f, 0x76, 0x20, 0x33, 0x30, 0x0a, 0x09, 0x09, 0x09, 0x2d,
0x31, 0x30, 0x3a, 0x30, 0x30, 0x09, 0x55, 0x53, 0x09, 0x48, 0x25, 0x73, 0x54, 0x0a, 0x5a, 0x6f,
0x6e, 0x65, 0x20, 0x50, 0x61, 0x63, 0x69, 0x66, 0x69, 0x63, 0x2f, 0x48, 0x6f, 0x6e, 0x6f, 0x6c,
0x75, 0x6c, 0x75, 0x09, 0x2d, 0x31, 0x30, 0x3a, 0x33, 0x31, 0x3a, 0x32, 0x36, 0x20, 0x2d, 0x09,
0x4c, 0x4d, 0x54, 0x09, 0x31, 0x38, 0x39, 0x36, 0x20, 0x4a, 0x61, 0x6e, 0x20, 0x31, 0x33, 0x20,
0x31, 0x32, 0x3a, 0x30, 0x30, 0x0a, 0x09, 0x09, 0x09, 0x2d, 0x31, 0x30, 0x3a, 0x33, 0x30, 0x09,
0x2d, 0x09, 0x48, 0x53, 0x54, 0x09, 0x31, 0x39, 0x33, 0x33, 0x20, 0x41, 0x70, 0x72, 0x20, 0x33,
0x30, 0x20, 0x20, 0x32, 0x3a, 0x30, 0x30, 0x0a, 0x09, 0x09, 0x09, 0x2d, 0x31, 0x30, 0x3a, 0x33,
0x30, 0x09, 0x31, 0x3a, 0x30, 0x30, 0x09, 0x48, 0x44, 0x54, 0x09, 0x31, 0x39, 0x33, 0x33, 0x20,
0x4d, 0x61, 0x79, 0x20, 0x32, 0x31, 0x20, 0x31, 0x32, 0x3a, 0x30, 0x30, 0x0a, 0x09, 0x09, 0x09,
0x2d, 0x31, 0x30, 0x3a, 0x33, 0x30, 0x09, 0x55, 0x53, 0x09, 0x48, 0x25, 0x73, 0x54, 0x09, 0x31,
0x39, 0x34, 0x37, 0x20, 0x4a, 0x75, 0x6e, 0x20, 0x20, 0x38, 0x20, 0x20, 0x32, 0x3a, 0x30, 0x30,
0x0a, 0x09, 0x09, 0x09, 0x2d, 0x31, 0x30, 0x3a, 0x30, 0x30, 0x09, 0x2d, 0x09, 0x48, 0x53, 0x54,
0x0a, 0x5a, 0x6f, 0x6e, 0x65, 0x20, 0x41, 0x6d, 0x65, 0x72, 0x69, 0x63, 0x61, 0x2f, 0x50, 0x68,
0x6f, 0x65, 0x6e, 0x69, 0x78, 0x09, 0x2d, 0x37, 0x3a, 0x32, 0x38, 0x3a, 0x31, 0x38, 0x20, 0x2d,
0x09, 0x4c, 0x4d, 0x54, 0x09, 0x31, 0x38, 0x38, 0x33, 0x20, 0x4e, 0x6f, 0x76, 0x20, 0x31, 0x38,
0x20, 0x31, 0x39, 0x3a, 0x30, 0x30, 0x75, 0x0a, 0x09, 0x09, 0x09, 0x2d, 0x37, 0x3a, 0x30, 0x30,
0x09, 0x55, 0x53, 0x09, 0x4d, 0x25, 0x73, 0x54, 0x09, 0x31, 0x39, 0x34, 0x34, 0x20, 0x4a, 0x61,
0x6e, 0x20, 0x20, 0x31, 0x20, 0x20, 0x30, 0x3a, 0x30, 0x31, 0x0a, 0x09, 0x09, 0x09, 0x2d, 0x37,
0x3a, 0x30, 0x30, 0x09, 0x2d, 0x09, 0x4d, 0x53, 0x54, 0x09, 0x31, 0x39, 0x34, 0x34, 0x20, 0x41,
0x70, 0x72, 0x20, 0x20, 0x31, 0x20, 0x20, 0x30, 0x3a, 0x30, 0x31, 0x0a, 0x09, 0x09, 0x09, 0x2d,
0x37, 0x3a, 0x30, 0x30, 0x09, 0x55, 0x53, 0x09, 0x4d, 0x25, 0x73, 0x54, 0x09, 0x31, 0x39, 0x34,
0x34, 0x20, 0x4f, 0x63, 0x74, 0x20, 0x20, 0x31, 0x20, 0x20, 0x30, 0x3a, 0x30, 0x31, 0x0a, 0x09,
0x09, 0x09, 0x2d, 0x37, 0x3a, 0x30, 0x30, 0x09, 0x2d, 0x09, 0x4d, 0x53, 0x54, 0x09, 0x31, 0x39,
0x36, 0x37, 0x0a, 0x09, 0x09, 0x09, 0x2d, 0x37, 0x3a, 0x30, 0x30, 0x09, 0x55, 0x53, 0x09, 0x4d,
0x25, 0x73, 0x54, 0x09, 0x31, 0x39, 0x36, 0x38, 0x20, 0x4d, 0x61, 0x72, 0x20, 0x32, 0x31, 0x0a,
0x09, 0x09, 0x09, 0x2d, 0x37, 0x3a, 0x30, 0x30, 0x09, 0x2d, 0x09, 0x4d, 0x53, 0x54, 0x0a, 0x5a,
0x6f, 0x6e, 0x65, 0x20, 0x41, 0x6d, 0x65, 0x72, 0x69, 0x63, 0x61, 0x2f, 0x42, 0x6f, 0x69, 0x73,
0x65, 0x09, 0x2d, 0x37, 0x3a, 0x34, 0x34, 0x3a, 0x34, 0x39, 0x20, 0x2d, 0x09, 0x4c, 0x4d, 0x54,
0x09, 0x31, 0x38, 0x38, 0x33, 0x20, 0x4e, 0x6f, 0x76, 0x20, 0x31, 0x38, 0x20, 0x32, 0x30, 0x3a,
0x30, 0x30, 0x75, 0x0a, 0x09, 0x09, 0x09, 0x2d, 0x38, 0x3a, 0x30, 0x30, 0x09, 0x55, 0x53, 0x09,
0x50, 0x25, 0x73, 0x54, 0x09, 0x31, 0x39, 0x32, 0x33, 0x20, 0x4d, 0x61, 0x79, 0x20, 0x31, 0x33,
0x20, 0x20, 0x32, 0x3a, 0x30, 0x30, 0x0a, 0x09, 0x09, 0x09, 0x2d, 0x37, 0x3a, 0x30, 0x30, 0x09,
0x55, 0x53, 0x09, 0x4d, 0x25, 0x73, 0x54, 0x09, 0x31, 0x39, 0x37, 0x34, 0x0a, 0x09, 0x09, 0x09,
0x2d, 0x37, 0x3a, 0x30, 0x30, 0x09, 0x2d, 0x09, 0x4d, 0x53, 0x54, 0x09, 0x31, 0x39, 0x37, 0x34,
0x20, 0x46, 0x65, 0x62, 0x20, 0x20, 0x33, 0x20, 0x20, 0x32, 0x3a, 0x30, 0x30, 0x0a, 0x09, 0x09,
0x09, 0x2d, 0x37, 0x3a, 0x30, 0x30, 0x09, 0x55, 0x53, 0x09, 0x4d, 0x25, 0x73, 0x54, 0x0a, 0x52,
0x75, 0x6c, 0x65, 0x20, 0x49, 0x6e, 0x64, 0x69, 0x61, 0x6e, 0x61, 0x70, 0x6f, 0x6c, 0x69, 0x73,
0x20, 0x31, 0x39, 0x34, 0x31, 0x09, 0x6f, 0x6e, 0x6c, 0x79, 0x09, 0x2d, 0x09, 0x4a, 0x75, 0x6e,
0x09, 0x32, 0x32, 0x09, 0x32, 0x3a, 0x30, 0x30, 0x09, 0x31, 0x3a, 0x30, 0x30, 0x09, 0x44, 0x0a,
0x52, 0x75, 0x6c, 0x65, 0x20, 0x49, 0x6e, 0x64, 0x69, 0x61, 0x6e, 0x61, 0x70, 0x6f, 0x6c, 0x69,
0x73, 0x20, 0x31, 0x39, 0x34, 0x31, 0x09, 0x31, 0x39, 0x35, 0x34, 0x09, 0x2d, 0x09, 0x53, 0x65,
0x70, 0x09, 0x6c, 0x61, 0x73, 0x74, 0x53, 0x75, 0x6e, 0x09, 0x32, 0x3a, 0x30, 0x30, 0x09, 0x30,
0x09, 0x53, 0x0a, 0x52, 0x75, 0x6c, 0x65, 0x20, 0x49, 0x6e, 0x64, 0x69, 0x61, 0x6e, 0x61, 0x70,
0x6f, 0x6c, 0x69, 0x73, 0x20, 0x31, 0x39, 0x34, 0x36, 0x09, 0x31, 0x39, 0x35, 0x34, 0x09, 0x2d,
0x09, 0x41, 0x70, 0x72, 0x09, 0x6c, 0x61, 0x73, 0x74, 0x53, 0x75, 0x6e, 0x09, 0x32, 0x3a, 0x30,
0x30, 0x09, 0x31, 0x3a, 0x30, 0x30, 0x09, 0x44, 0x0a, 0x5a, 0x6f, 0x6e, 0x65, 0x20, 0x41, 0x6d,
0x65, 0x72, 0x69, 0x63, 0x61, 0x2f, 0x49, 0x6e, 0x64, 0x69, 0x61, 0x6e, 0x61, 0x2f, 0x49, 0x6e,
0x64, 0x69, 0x61, 0x6e, 0x61, 0x70, 0x6f, 0x6c, 0x69, 0x73, 0x20, 0x2d, 0x35, 0x3a, 0x34, 0x34,
0x3a, 0x33, 0x38, 0x20, 0x2d, 0x20, 0x4c, 0x4d, 0x54, 0x20, 0x31, 0x38, 0x38, 0x33, 0x20, 0x4e,
0x6f, 0x76, 0x20, 0x31, 0x38, 0x20, 0x31, 0x38, 0x3a, 0x30, 0x30, 0x75, 0x0a, 0x09, 0x09, 0x09,
0x2d, 0x36, 0x3a, 0x30, 0x30, 0x09, 0x55, 0x53, 0x09, 0x43, 0x25, 0x73, 0x54, 0x09, 0x31, 0x39,
0x32, 0x30, 0x0a, 0x09, 0x09, 0x09, 0x2d, 0x36, 0x3a, 0x30, 0x30, 0x20, 0x49, 0x6e, 0x64, 0x69,
0x61, 0x6e, 0x61, 0x70, 0x6f, 0x6c, 0x69, 0x73, 0x20, 0x43, 0x25, 0x73, 0x54, 0x09, 0x31, 0x39,
0x34, 0x32, 0x0a, 0x09, 0x09, 0x09, 0x2d, 0x36, 0x3a, 0x30, 0x30, 0x09, 0x55, 0x53, 0x09, 0x43,
0x25, 0x73, 0x54, 0x09, 0x31, 0x39, 0x34, 0x36, 0x0a, 0x09, 0x09, 0x09, 0x2d, 0x36, 0x3a, 0x30,
0x30, 0x20, 0x49, 0x6e, 0x64, 0x69, 0x61, 0x6e, 0x61, 0x70, 0x6f, 0x6c, 0x69, 0x73, 0x20, 0x43,
0x25, 0x73, 0x54, 0x09, 0x31, 0x39, 0x35, 0x35, 0x20, 0x41, 0x70, 0x72, 0x20, 0x32, 0x34, 0x20,
0x20, 0x32, 0x3a, 0x30, 0x30, 0x0a, 0x09, 0x09, 0x09, 0x2d, 0x35, 0x3a, 0x30, 0x30, 0x09, 0x2d,
0x09, 0x45, 0x53, 0x54, 0x09, 0x31, 0x39, 0x35, 0x37, 0x20, 0x53, 0x65, 0x70, 0x20, 0x32, 0x39,
0x20, 0x20, 0x32, 0x3a, 0x30, 0x30, 0x0a, 0x09, 0x09, 0x09, 0x2d, 0x36, 0x3a, 0x30, 0x30, 0x09,
0x2d, 0x09, 0x43, 0x53, 0x54, 0x09, 0x31, 0x39, 0x35, 0x38, 0x20, 0x41, 0x70, 0x72, 0x20, 0x32,
0x37, 0x20, 0x20, 0x32, 0x3a, 0x30, 0x30, 0x0a, 0x09, 0x09, 0x09, 0x2d, 0x35, 0x3a, 0x30, 0x30,
0x09, 0x2d, 0x09, 0x45, 0x53, 0x54, 0x09, 0x31, 0x39, 0x36, 0x39, 0x0a, 0x09, 0x09, 0x09, 0x2d,
0x35, 0x3a, 0x30, 0x30, 0x09, 0x55, 0x53, 0x09, 0x45, 0x25, 0x73, 0x54, 0x09, 0x31, 0x39, 0x37,
0x31, 0x0a, 0x09, 0x09, 0x09, 0x2d, 0x35, 0x3a, 0x30, 0x30, 0x09, 0x2d, 0x09, 0x45, 0x53, 0x54,
0x09, 0x32, 0x30, 0x30, 0x36, 0x0a, 0x09, 0x09, 0x09, 0x2d, 0x35, 0x3a, 0x30, 0x30, 0x09, 0x55,
0x53, 0x09, 0x45, 0x25, 0x73, 0x54, 0x0a, 0x52, 0x75, 0x6c, 0x65, 0x09, 0x4d, 0x61, 0x72, 0x65,
0x6e, 0x67, 0x6f, 0x09, 0x31, 0x39, 0x35, 0x31, 0x09, 0x6f, 0x6e, 0x6c, 0x79, 0x09, 0x2d, 0x09,
0x41, 0x70, 0x72, 0x09, 0x6c, 0x61, 0x73, 0x74, 0x53, 0x75, 0x6e, 0x09, 0x32, 0x3a, 0x30, 0x30,
0x09, 0x31, 0x3a, 0x30, 0x30, 0x09, 0x44, 0x0a, 0x52, 0x75, 0x6c, 0x65, 0x09, 0x4d, 0x61, 0x72,
0x65, 0x6e, 0x67, 0x6f, 0x09, 0x31, 0x39, 0x35, 0x31, 0x09, 0x6f, 0x6e, 0x6c, 0x79, 0x09, 0x2d,
0x09, 0x53, 0x65, 0x70, 0x09, 0x6c, 0x61, 0x73, 0x74, 0x53, 0x75, 0x6e, 0x09, 0x32, 0x3a, 0x30,
0x30, 0x09, 0x30, 0x09, 0x53, 0x0a, 0x52, 0x75, 0x6c, 0x65, 0x09, 0x4d, 0x61, 0x72, 0x65, 0x6e,
0x67, 0x6f, 0x09, 0x31, 0x39, 0x35, 0x34, 0x09, 0x31, 0x39, 0x36, 0x30, 0x09, 0x2d, 0x09, 0x41,
0x70, 0x72, 0x09, 0x6c, 0x61, 0x73, 0x74, 0x53, 0x75, 0x6e, 0x09, 0x32, 0x3a, 0x30, 0x30, 0x09,
0x31, 0x3a, 0x30, 0x30, 0x09, 0x44, 0x0a, 0x52, 0x75, 0x6c, 0x65, 0x09, 0x4d, 0x61, 0x72, 0x65,
0x6e, 0x67, 0x6f, 0x09, 0x31, 0x39, 0x35, 0x34, 0x09, 0x31, 0x39, 0x36, 0x30, 0x09, 0x2d, 0x09,
0x53, 0x65, 0x70, 0x09, 0x6c, 0x61, 0x73, 0x74, 0x53, 0x75, 0x6e, 0x09, 0x32, 0x3a, 0x30, 0x30,
0x09, 0x30, 0x09, 0x53, 0x0a, 0x5a, 0x6f, 0x6e, 0x65, 0x20, 0x41, 0x6d, 0x65, 0x72, 0x69, 0x63,
0x61, 0x2f, 0x49, 0x6e, 0x64, 0x69, 0x61, 0x6e, 0x61, 0x2f, 0x4d, 0x61, 0x72, 0x65, 0x6e, 0x67,
0x6f, 0x20, 0x2d, 0x35, 0x3a, 0x34, 0x35, 0x3a, 0x32, 0x33, 0x20, 0x2d, 0x09, 0x4c, 0x4d, 0x54,
0x09, 0x31, 0x38, 0x38, 0x33, 0x20, 0x4e, 0x6f, 0x76, 0x20, 0x31, 0x38, 0x20, 0x31, 0x38, 0x3a,
0x30, 0x30, 0x75, 0x0a, 0x09, 0x09, 0x09, 0x2d, 0x36, 0x3a, 0x30, 0x30, 0x09, 0x55, 0x53, 0x09,
0x43, 0x25, 0x73, 0x54, 0x09, 0x31, 0x39, 0x35, 0x31, 0x0a, 0x09, 0x09, 0x09, 0x2d, 0x36, 0x3a,
0x30, 0x30, 0x09, 0x4d, 0x61, 0x72, 0x65, 0x6e, 0x67, 0x6f, 0x09, 0x43, 0x25, 0x73, 0x54, 0x09,
0x31, 0x39, 0x36, 0x31, 0x20, 0x41, 0x70, 0x72, 0x20, 0x33, 0x30, 0x20, 0x20, 0x32, 0x3a, 0x30,
0x30, 0x0a, 0x09, 0x09, 0x09, 0x2d, 0x35, 0x3a, 0x30, 0x30, 0x09, 0x2d, 0x09, 0x45, 0x53, 0x54,
0x09, 0x31, 0x39, 0x36, 0x39, 0x0a, 0x09, 0x09, 0x09, 0x2d, 0x35, 0x3a, 0x30, 0x30, 0x09, 0x55,
0x53, 0x09, 0x45, 0x25, 0x73, 0x54, 0x09, 0x31, 0x39, 0x37, 0x34, 0x20, 0x4a, 0x61, 0x6e, 0x20,
0x20, 0x36, 0x20, 0x20, 0x32, 0x3a, 0x30, 0x30, 0x0a, 0x09, 0x09, 0x09, 0x2d, 0x36, 0x3a, 0x30,
0x30, 0x09, 0x31, 0x3a, 0x30, 0x30, 0x09, 0x43, 0x44, 0x54, 0x09, 0x31, 0x39, 0x37, 0x34, 0x20,
0x4f, 0x63, 0x74, 0x20, 0x32, 0x37, 0x20, 0x20, 0x32, 0x3a, 0x30, 0x30, 0x0a, 0x09, 0x09, 0x09,
0x2d, 0x35, 0x3a, 0x30, 0x30, 0x09, 0x55, 0x53, 0x09, 0x45, 0x25, 0x73, 0x54, 0x09, 0x31, 0x39,
0x37, 0x36, 0x0a, 0x09, 0x09, 0x09, 0x2d, 0x35, 0x3a, 0x30, 0x30, 0x09, 0x2d, 0x09, 0x45, 0x53,
0x54, 0x09, 0x32, 0x30, 0x30, 0x36, 0x0a, 0x09, 0x09, 0x09, 0x2d, 0x35, 0x3a, 0x30, 0x30, 0x09,
0x55, 0x53, 0x09, 0x45, 0x25, 0x73, 0x54, 0x0a, 0x52, 0x75, 0x6c, 0x65, 0x20, 0x56, 0x69, 0x6e,
0x63, 0x65, 0x6e, 0x6e, 0x65, 0x73, 0x09, 0x31, 0x39, 0x34, 0x36, 0x09, 0x6f, 0x6e, 0x6c, 0x79,
0x09, 0x2d, 0x09, 0x41, 0x70, 0x72, 0x09, 0x6c, 0x61, 0x73, 0x74, 0x53, 0x75, 0x6e, 0x09, 0x32,
0x3a, 0x30, 0x30, 0x09, 0x31, 0x3a, 0x30, 0x30, 0x09, 0x44, 0x0a, 0x52, 0x75, 0x6c, 0x65, 0x20,
0x56, 0x69, 0x6e, 0x63, 0x65, 0x6e, 0x6e, 0x65, 0x73, 0x09, 0x31, 0x39, 0x34, 0x36, 0x09, 0x6f,
0x6e, 0x6c, 0x79, 0x09, 0x2d, 0x09, 0x53, 0x65, 0x70, 0x09, 0x6c, 0x61, 0x73, 0x74, 0x53, 0x75,
0x6e, 0x09, 0x32, 0x3a, 0x30, 0x30, 0x09, 0x30, 0x09, 0x53, 0x0a, 0x52, 0x75, 0x6c, 0x65, 0x20,
0x56, 0x69, 0x6e, 0x63, 0x65, 0x6e, 0x6e, 0x65, 0x73, 0x09, 0x31, 0x39, 0x35, 0x33, 0x09, 0x31,
0x39, 0x35, 0x34, 0x09, 0x2d, 0x09, 0x41, 0x70, 0x72, 0x09, 0x6c, 0x61, 0x73, 0x74, 0x53, 0x75,
0x6e, 0x09, 0x32, 0x3a, 0x30, 0x30, 0x09, 0x31, 0x3a, 0x30, 0x30, 0x09, 0x44, 0x0a, 0x52, 0x75,
0x6c, 0x65, 0x20, 0x56, 0x69, 0x6e, 0x63, 0x65, 0x6e, 0x6e, 0x65, 0x73, 0x09, 0x31, 0x39, 0x35,
0x33, 0x09, 0x31, 0x39, 0x35, 0x39, 0x09, 0x2d, 0x09, 0x53, 0x65, 0x70, 0x09, 0x6c, 0x61, 0x73,
0x74, 0x53, 0x75, 0x6e, 0x09, 0x32, 0x3a, 0x30, 0x30, 0x09, 0x30, 0x09, 0x53, 0x0a, 0x52, 0x75,
0x6c, 0x65, 0x20, 0x56, 0x69, 0x6e, 0x63, 0x65, 0x6e, 0x6e, 0x65, 0x73, 0x09, 0x31, 0x39, 0x35,
0x35, 0x09, 0x6f, 0x6e, 0x6c, 0x79, 0x09, 0x2d, 0x09, 0x4d, 0x61, 0x79, 0x09, 0x20, 0x31, 0x09,
0x30, 0x3a, 0x30, 0x30, 0x09, 0x31, 0x3a, 0x30, 0x30, 0x09, 0x44, 0x0a, 0x52, 0x75, 0x6c, 0x65,
0x20, 0x56, 0x69, 0x6e, 0x63, 0x65, 0x6e, 0x6e, 0x65, 0x73, 0x09, 0x31, 0x39, 0x35, 0x36, 0x09,
0x31, 0x39, 0x36, 0x33, 0x09, 0x2d, 0x09, 0x41, 0x70, 0x72, 0x09, 0x6c, 0x61, 0x73, 0x74, 0x53,
0x75, 0x6e, 0x09, 0x32, 0x3a, 0x30, 0x30, 0x09, 0x31, 0x3a, 0x30, 0x30, 0x09, 0x44, 0x0a, 0x52,
0x75, 0x6c, 0x65, 0x20, 0x56, 0x69, 0x6e, 0x63, 0x65, 0x6e, 0x6e, 0x65, 0x73, 0x09, 0x31, 0x39,
0x36, 0x30, 0x09, 0x6f, 0x6e, 0x6c, 0x79, 0x09, 0x2d, 0x09, 0x4f, 0x63, 0x74, 0x09, 0x6c, 0x61,
0x73, 0x74, 0x53, 0x75, 0x6e, 0x09, 0x32, 0x3a, 0x30, 0x30, 0x09, 0x30, 0x09, 0x53, 0x0a, 0x52,
0x75, 0x6c, 0x65, 0x20, 0x56, 0x69, 0x6e, 0x63, 0x65, 0x6e, 0x6e, 0x65, 0x73, 0x09, 0x31, 0x39,
0x36, 0x31, 0x09, 0x6f, 0x6e, 0x6c, 0x79, 0x09, 0x2d, 0x09, 0x53, 0x65, 0x70, 0x09, 0x6c, 0x61,
0x73, 0x74, 0x53, 0x75, 0x6e, 0x09, 0x32, 0x3a, 0x30, 0x30, 0x09, 0x30, 0x09, 0x53, 0x0a, 0x52,
0x75, 0x6c, 0x65, 0x20, 0x56, 0x69, 0x6e, 0x63, 0x65, 0x6e, 0x6e, 0x65, 0x73, 0x09, 0x31, 0x39,
0x36, 0x32, 0x09, 0x31, 0x39, 0x36, 0x33, 0x09, 0x2d, 0x09, 0x4f, 0x63, 0x74, 0x09, 0x6c, 0x61,
0x73, 0x74, 0x53, 0x75, 0x6e, 0x09, 0x32, 0x3a, 0x30, 0x30, 0x09, 0x30, 0x09, 0x53, 0x0a, 0x5a,
0x6f, 0x6e, 0x65, 0x20, 0x41, 0x6d, 0x65, 0x72, 0x69, 0x63, 0x61, 0x2f, 0x49, 0x6e, 0x64, 0x69,
0x61, 0x6e, 0x61, 0x2f, 0x56, 0x69, 0x6e, 0x63, 0x65, 0x6e, 0x6e, 0x65, 0x73, 0x20, 0x2d, 0x35,
0x3a, 0x35, 0x30, 0x3a, 0x30, 0x37, 0x20, 0x2d, 0x20, 0x4c, 0x4d, 0x54, 0x09, 0x31, 0x38, 0x38,
0x33, 0x20, 0x4e, 0x6f, 0x76, 0x20, 0x31, 0x38, 0x20, 0x31, 0x38, 0x3a, 0x30, 0x30, 0x75, 0x0a,
0x09, 0x09, 0x09, 0x2d, 0x36, 0x3a, 0x30, 0x30, 0x09, 0x55, 0x53, 0x09, 0x43, 0x25, 0x73, 0x54,
0x09, 0x31, 0x39, 0x34, 0x36, 0x0a, 0x09, 0x09, 0x09, 0x2d, 0x36, 0x3a, 0x30, 0x30, 0x20, 0x56,
0x69, 0x6e, 0x63, 0x65, 0x6e, 0x6e, 0x65, 0x73, 0x09, 0x43, 0x25, 0x73, 0x54, 0x09, 0x31, 0x39,
0x36, 0x34, 0x20, 0x41, 0x70, 0x72, 0x20, 0x32, 0x36, 0x20, 0x20, 0x32, 0x3a, 0x30, 0x30, 0x0a,
0x09, 0x09, 0x09, 0x2d, 0x35, 0x3a, 0x30, 0x30, 0x09, 0x2d, 0x09, 0x45, 0x53, 0x54, 0x09, 0x31,
0x39, 0x36, 0x39, 0x0a, 0x09, 0x09, 0x09, 0x2d, 0x35, 0x3a, 0x30, 0x30, 0x09, 0x55, 0x53, 0x09,
0x45, 0x25, 0x73, 0x54, 0x09, 0x31, 0x39, 0x37, 0x31, 0x0a, 0x09, 0x09, 0x09, 0x2d, 0x35, 0x3a,
0x30, 0x30, 0x09, 0x2d, 0x09, 0x45, 0x53, 0x54, 0x09, 0x32, 0x30, 0x30, 0x36, 0x20, 0x41, 0x70,
0x72, 0x20, 0x20, 0x32, 0x20, 0x20, 0x32, 0x3a, 0x30, 0x30, 0x0a, 0x09, 0x09, 0x09, 0x2d, 0x36,
0x3a, 0x30, 0x30, 0x09, 0x55, 0x53, 0x09, 0x43, 0x25, 0x73, 0x54, 0x09, 0x32, 0x30, 0x30, 0x37,
0x20, 0x4e, 0x6f, 0x76, 0x20, 0x20, 0x34, 0x20, 0x20, 0x32, 0x3a, 0x30, 0x30, 0x0a, 0x09, 0x09,
0x09, 0x2d, 0x35, 0x3a, 0x30, 0x30, 0x09, 0x55, 0x53, 0x09, 0x45, 0x25, 0x73, 0x54, 0x0a, 0x52,
0x75, 0x6c, 0x65, 0x20, 0x50, 0x65, 0x72, 0x72, 0x79, 0x09, 0x31, 0x39, 0x35, 0x35, 0x09, 0x6f,
0x6e, 0x6c, 0x79, 0x09, 0x2d, 0x09, 0x4d, 0x61, 0x79, 0x09, 0x20, 0x31, 0x09, 0x30, 0x3a, 0x30,
0x30, 0x09, 0x31, 0x3a, 0x30, 0x30, 0x09, 0x44, 0x0a, 0x52, 0x75, 0x6c, 0x65, 0x20, 0x50, 0x65,
0x72, 0x72, 0x79, 0x09, 0x31, 0x39, 0x35, 0x35, 0x09, 0x31, 0x39, 0x36, 0x30, 0x09, 0x2d, 0x09,
0x53, 0x65, 0x70, 0x09, 0x6c, 0x61, 0x73, 0x74, 0x53, 0x75, 0x6e, 0x09, 0x32, 0x3a, 0x30, 0x30,
0x09, 0x30, 0x09, 0x53, 0x0a, 0x52, 0x75, 0x6c, 0x65, 0x20, 0x50, 0x65, 0x72, 0x72, 0x79, 0x09,
0x31, 0x39, 0x35, 0x36, 0x09, 0x31, 0x39, 0x36, 0x33, 0x09, 0x2d, 0x09, 0x41, 0x70, 0x72, 0x09,
0x6c, 0x61, 0x73, 0x74, 0x53, 0x75, 0x6e, 0x09, 0x32, 0x3a, 0x30, 0x30, 0x09, 0x31, 0x3a, 0x30,
0x30, 0x09, 0x44, 0x0a, 0x52, 0x75, 0x6c, 0x65, 0x20, 0x50, 0x65, 0x72, 0x72, 0x79, 0x09, 0x31,
0x39, 0x36, 0x31, 0x09, 0x31, 0x39, 0x36, 0x33, 0x09, 0x2d, 0x09, 0x4f, 0x63, 0x74, 0x09, 0x6c,
0x61, 0x73, 0x74, 0x53, 0x75, 0x6e, 0x09, 0x32, 0x3a, 0x30, 0x30, 0x09, 0x30, 0x09, 0x53, 0x0a,
0x5a, 0x6f, 0x6e, 0x65, 0x20, 0x41, 0x6d, 0x65, 0x72, 0x69, 0x63, 0x61, 0x2f, 0x49, 0x6e, 0x64,
0x69, 0x61, 0x6e, 0x61, 0x2f, 0x54, 0x65, 0x6c, 0x6c, 0x5f, 0x43, 0x69, 0x74, 0x79, 0x20, 0x2d,
0x35, 0x3a, 0x34, 0x37, 0x3a, 0x30, 0x33, 0x20, 0x2d, 0x20, 0x4c, 0x4d, 0x54, 0x09, 0x31, 0x38,
0x38, 0x33, 0x20, 0x4e, 0x6f, 0x76, 0x20, 0x31, 0x38, 0x20, 0x31, 0x38, 0x3a, 0x30, 0x30, 0x75,
0x0a, 0x09, 0x09, 0x09, 0x2d, 0x36, 0x3a, 0x30, 0x30, 0x09, 0x55, 0x53, 0x09, 0x43, 0x25, 0x73,
0x54, 0x09, 0x31, 0x39, 0x34, 0x36, 0x0a, 0x09, 0x09, 0x09, 0x2d, 0x36, 0x3a, 0x30, 0x30, 0x20,
0x50, 0x65, 0x72, 0x72, 0x79, 0x09, 0x43, 0x25, 0x73, 0x54, 0x09, 0x31, 0x39, 0x36, 0x34, 0x20,
0x41, 0x70, 0x72, 0x20, 0x32, 0x36, 0x20, 0x20, 0x32, 0x3a, 0x30, 0x30, 0x0a, 0x09, 0x09, 0x09,
0x2d, 0x35, 0x3a, 0x30, 0x30, 0x09, 0x2d, 0x09, 0x45, 0x53, 0x54, 0x09, 0x31, 0x39, 0x36, 0x37,
0x20, 0x4f, 0x63, 0x74, 0x20, 0x32, 0x39, 0x20, 0x20, 0x32, 0x3a, 0x30, 0x30, 0x0a, 0x09, 0x09,
0x09, 0x2d, 0x36, 0x3a, 0x30, 0x30, 0x09, 0x55, 0x53, 0x09, 0x43, 0x25, 0x73, 0x54, 0x09, 0x31,
0x39, 0x36, 0x39, 0x20, 0x41, 0x70, 0x72, 0x20, 0x32, 0x37, 0x20, 0x20, 0x32, 0x3a, 0x30, 0x30,
0x0a, 0x09, 0x09, 0x09, 0x2d, 0x35, 0x3a, 0x30, 0x30, 0x09, 0x55, 0x53, 0x09, 0x45, 0x25, 0x73,
0x54, 0x09, 0x31, 0x39, 0x37, 0x31, 0x0a, 0x09, 0x09, 0x09, 0x2d, 0x35, 0x3a, 0x30, 0x30, 0x09,
0x2d, 0x09, 0x45, 0x53, 0x54, 0x09, 0x32, 0x30, 0x30, 0x36, 0x20, 0x41, 0x70, 0x72, 0x20, 0x20,
0x32, 0x20, 0x20, 0x32, 0x3a, 0x30, 0x30, 0x0a, 0x09, 0x09, 0x09, 0x2d, 0x36, 0x3a, 0x30, 0x30,
0x09, 0x55, 0x53, 0x09, 0x43, 0x25, 0x73, 0x54, 0x0a, 0x52, 0x75, 0x6c, 0x65, 0x09, 0x50, 0x69,
0x6b, 0x65, 0x09, 0x31, 0x39, 0x35, 0x35, 0x09, 0x6f, 0x6e, 0x6c, 0x79, 0x09, 0x2d, 0x09, 0x4d,
0x61, 0x79, 0x09, 0x20, 0x31, 0x09, 0x30, 0x3a, 0x30, 0x30, 0x09, 0x31, 0x3a, 0x30, 0x30, 0x09,
0x44, 0x0a, 0x52, 0x75, 0x6c, 0x65, 0x09, 0x50, 0x69, 0x6b, 0x65, 0x09, 0x31, 0x39, 0x35, 0x35,
0x09, 0x31, 0x39, 0x36, 0x30, 0x09, 0x2d, 0x09, 0x53, 0x65, 0x70, 0x09, 0x6c, 0x61, 0x73, 0x74,
0x53, 0x75, 0x6e, 0x09, 0x32, 0x3a, 0x30, 0x30, 0x09, 0x30, 0x09, 0x53, 0x0a, 0x52, 0x75, 0x6c,
0x65, 0x09, 0x50, 0x69, 0x6b, 0x65, 0x09, 0x31, 0x39, 0x35, 0x36, 0x09, 0x31, 0x39, 0x36, 0x34,
0x09, 0x2d, 0x09, 0x41, 0x70, 0x72, 0x09, 0x6c, 0x61, 0x73, 0x74, 0x53, 0x75, 0x6e, 0x09, 0x32,
0x3a, 0x30, 0x30, 0x09, 0x31, 0x3a, 0x30, 0x30, 0x09, 0x44, 0x0a, 0x52, 0x75, 0x6c, 0x65, 0x09,
0x50, 0x69, 0x6b, 0x65, 0x09, 0x31, 0x39, 0x36, 0x31, 0x09, 0x31, 0x39, 0x36, 0x34, 0x09, 0x2d,
0x09, 0x4f, 0x63, 0x74, 0x09, 0x6c, 0x61, 0x73, 0x74, 0x53, 0x75, 0x6e, 0x09, 0x32, 0x3a, 0x30,
0x30, 0x09, 0x30, 0x09, 0x53, 0x0a, 0x5a, 0x6f, 0x6e, 0x65, 0x20, 0x41, 0x6d, 0x65, 0x72, 0x69,
0x63, 0x61, 0x2f, 0x49, 0x6e, 0x64, 0x69, 0x61, 0x6e, 0x61, 0x2f, 0x50, 0x65, 0x74, 0x65, 0x72,
0x73, 0x62, 0x75, 0x72, 0x67, 0x20, 0x2d, 0x35, 0x3a, 0x34, 0x39, 0x3a, 0x30, 0x37, 0x20, 0x2d,
0x20, 0x4c, 0x4d, 0x54, 0x09, 0x31, 0x38, 0x38, 0x33, 0x20, 0x4e, 0x6f, 0x76, 0x20, 0x31, 0x38,
0x20, 0x31, 0x38, 0x3a, 0x30, 0x30, 0x75, 0x0a, 0x09, 0x09, 0x09, 0x2d, 0x36, 0x3a, 0x30, 0x30,
0x09, 0x55, 0x53, 0x09, 0x43, 0x25, 0x73, 0x54, 0x09, 0x31, 0x39, 0x35, 0x35, 0x0a, 0x09, 0x09,
0x09, 0x2d, 0x36, 0x3a, 0x30, 0x30, 0x09, 0x50, 0x69, 0x6b, 0x65, 0x09, 0x43, 0x25, 0x73, 0x54,
0x09, 0x31, 0x39, 0x36, 0x35, 0x20, 0x41, 0x70, 0x72, 0x20, 0x32, 0x35, 0x20, 0x20, 0x32, 0x3a,
0x30, 0x30, 0x0a, 0x09, 0x09, 0x09, 0x2d, 0x35, 0x3a, 0x30, 0x30, 0x09, 0x2d, 0x09, 0x45, 0x53,
0x54, 0x09, 0x31, 0x39, 0x36, 0x36, 0x20, 0x4f, 0x63, 0x74, 0x20, 0x33, 0x30, 0x20, 0x20, 0x32,
0x3a, 0x30, 0x30, 0x0a, 0x09, 0x09, 0x09, 0x2d, 0x36, 0x3a, 0x30, 0x30, 0x09, 0x55, 0x53, 0x09,
0x43, 0x25, 0x73, 0x54, 0x09, 0x31, 0x39, 0x37, 0x37, 0x20, 0x4f, 0x63, 0x74, 0x20, 0x33, 0x30,
0x20, 0x20, 0x32, 0x3a, 0x30, 0x30, 0x0a, 0x09, 0x09, 0x09, 0x2d, 0x35, 0x3a, 0x30, 0x30, 0x09,
0x2d, 0x09, 0x45, 0x53, 0x54, 0x09, 0x32, 0x30, 0x30, 0x36, 0x20, 0x41, 0x70, 0x72, 0x20, 0x20,
0x32, 0x20, 0x20, 0x32, 0x3a, 0x30, 0x30, 0x0a, 0x09, 0x09, 0x09, 0x2d, 0x36, 0x3a, 0x30, 0x30,
0x09, 0x55, 0x53, 0x09, 0x43, 0x25, 0x73, 0x54, 0x09, 0x32, 0x30, 0x30, 0x37, 0x20, 0x4e, 0x6f,
0x76, 0x20, 0x20, 0x34, 0x20, 0x20, 0x32, 0x3a, 0x30, 0x30, 0x0a, 0x09, 0x09, 0x09, 0x2d, 0x35,
0x3a, 0x30, 0x30, 0x09, 0x55, 0x53, 0x09, 0x45, 0x25, 0x73, 0x54, 0x0a, 0x52, 0x75, 0x6c, 0x65,
0x09, 0x53, 0x74, 0x61, 0x72, 0x6b, 0x65, 0x09, 0x31, 0x39, 0x34, 0x37, 0x09, 0x31, 0x39, 0x36,
0x31, 0x09, 0x2d, 0x09, 0x41, 0x70, 0x72, 0x09, 0x6c, 0x61, 0x73, 0x74, 0x53, 0x75, 0x6e, 0x09,
0x32, 0x3a, 0x30, 0x30, 0x09, 0x31, 0x3a, 0x30, 0x30, 0x09, 0x44, 0x0a, 0x52, 0x75, 0x6c, 0x65,
0x09, 0x53, 0x74, 0x61, 0x72, 0x6b, 0x65, 0x09, 0x31, 0x39, 0x34, 0x37, 0x09, 0x31, 0x39, 0x35,
0x34, 0x09, 0x2d, 0x09, 0x53, 0x65, 0x70, 0x09, 0x6c, 0x61, 0x73, 0x74, 0x53, 0x75, 0x6e, 0x09,
0x32, 0x3a, 0x30, 0x30, 0x09, 0x30, 0x09, 0x53, 0x0a, 0x52, 0x75, 0x6c, 0x65, 0x09, 0x53, 0x74,
0x61, 0x72, 0x6b, 0x65, 0x09, 0x31, 0x39, 0x35, 0x35, 0x09, 0x31, 0x39, 0x35, 0x36, 0x09, 0x2d,
0x09, 0x4f, 0x63, 0x74, 0x09, 0x6c, 0x61, 0x73, 0x74, 0x53, 0x75, 0x6e, 0x09, 0x32, 0x3a, 0x30,
0x30, 0x09, 0x30, 0x09, 0x53, 0x0a, 0x52, 0x75, 0x6c, 0x65, 0x09, 0x53, 0x74, 0x61, 0x72, 0x6b,
0x65, 0x09, 0x31, 0x39, 0x35, 0x37, 0x09, 0x31, 0x39, 0x35, 0x38, 0x09, 0x2d, 0x09, 0x53, 0x65,
0x70, 0x09, 0x6c, 0x61, 0x73, 0x74, 0x53, 0x75, 0x6e, 0x09, 0x32, 0x3a, 0x30, 0x30, 0x09, 0x30,
0x09, 0x53, 0x0a, 0x52, 0x75, 0x6c, 0x65, 0x09, 0x53, 0x74, 0x61, 0x72, 0x6b, 0x65, 0x09, 0x31,
0x39, 0x35, 0x39, 0x09, 0x31, 0x39, 0x36, 0x31, 0x09, 0x2d, 0x09, 0x4f, 0x63, 0x74, 0x09, 0x6c,
0x61, 0x73, 0x74, 0x53, 0x75, 0x6e, 0x09, 0x32, 0x3a, 0x30, 0x30, 0x09, 0x30, 0x09, 0x53, 0x0a,
0x5a, 0x6f, 0x6e, 0x65, 0x20, 0x41, 0x6d, 0x65, 0x72, 0x69, 0x63, 0x61, 0x2f, 0x49, 0x6e, 0x64,
0x69, 0x61, 0x6e, 0x61, 0x2f, 0x4b, 0x6e, 0x6f, 0x78, 0x20, 0x2d, 0x35, 0x3a, 0x34, 0x36, 0x3a,
0x33, 0x30, 0x20, 0x2d, 0x09, 0x4c, 0x4d, 0x54, 0x09, 0x31, 0x38, 0x38, 0x33, 0x20, 0x4e, 0x6f,
0x76, 0x20, 0x31, 0x38, 0x20, 0x31, 0x38, 0x3a, 0x30, 0x30, 0x75, 0x0a, 0x09, 0x09, 0x09, 0x2d,
0x36, 0x3a, 0x30, 0x30, 0x09, 0x55, 0x53, 0x09, 0x43, 0x25, 0x73, 0x54, 0x09, 0x31, 0x39, 0x34,
0x37, 0x0a, 0x09, 0x09, 0x09, 0x2d, 0x36, 0x3a, 0x30, 0x30, 0x09, 0x53, 0x74, 0x61, 0x72, 0x6b,
0x65, 0x09, 0x43, 0x25, 0x73, 0x54, 0x09, 0x31, 0x39, 0x36, 0x32, 0x20, 0x41, 0x70, 0x72, 0x20,
0x32, 0x39, 0x20, 0x20, 0x32, 0x3a, 0x30, 0x30, 0x0a, 0x09, 0x09, 0x09, 0x2d, 0x35, 0x3a, 0x30,
0x30, 0x09, 0x2d, 0x09, 0x45, 0x53, 0x54, 0x09, 0x31, 0x39, 0x36, 0x33, 0x20, 0x4f, 0x63, 0x74,
0x20, 0x32, 0x37, 0x20, 0x20, 0x32, 0x3a, 0x30, 0x30, 0x0a, 0x09, 0x09, 0x09, 0x2d, 0x36, 0x3a,
0x30, 0x30, 0x09, 0x55, 0x53, 0x09, 0x43, 0x25, 0x73, 0x54, 0x09, 0x31, 0x39, 0x39, 0x31, 0x20,
0x4f, 0x63, 0x74, 0x20, 0x32, 0x37, 0x20, 0x20, 0x32, 0x3a, 0x30, 0x30, 0x0a, 0x09, 0x09, 0x09,
0x2d, 0x35, 0x3a, 0x30, 0x30, 0x09, 0x2d, 0x09, 0x45, 0x53, 0x54, 0x09, 0x32, 0x30, 0x30, 0x36,
0x20, 0x41, 0x70, 0x72, 0x20, 0x20, 0x32, 0x20, 0x20, 0x32, 0x3a, 0x30, 0x30, 0x0a, 0x09, 0x09,
0x09, 0x2d, 0x36, 0x3a, 0x30, 0x30, 0x09, 0x55, 0x53, 0x09, 0x43, 0x25, 0x73, 0x54, 0x0a, 0x52,
0x75, 0x6c, 0x65, 0x09, 0x50, 0x75, 0x6c, 0x61, 0x73, 0x6b, 0x69, 0x09, 0x31, 0x39, 0x34, 0x36,
0x09, 0x31, 0x39, 0x36, 0x30, 0x09, 0x2d, 0x09, 0x41, 0x70, 0x72, 0x09, 0x6c, 0x61, 0x73, 0x74,
0x53, 0x75, 0x6e, 0x09, 0x32, 0x3a, 0x30, 0x30, 0x09, 0x31, 0x3a, 0x30, 0x30, 0x09, 0x44, 0x0a,
0x52, 0x75, 0x6c, 0x65, 0x09, 0x50, 0x75, 0x6c, 0x61, 0x73, 0x6b, 0x69, 0x09, 0x31, 0x39, 0x34,
0x36, 0x09, 0x31, 0x39, 0x35, 0x34, 0x09, 0x2d, 0x09, 0x53, 0x65, 0x70, 0x09, 0x6c, 0x61, 0x73,
0x74, 0x53, 0x75, 0x6e, 0x09, 0x32, 0x3a, 0x30, 0x30, 0x09, 0x30, 0x09, 0x53, 0x0a, 0x52, 0x75,
0x6c, 0x65, 0x09, 0x50, 0x75, 0x6c, 0x61, 0x73, 0x6b, 0x69, 0x09, 0x31, 0x39, 0x35, 0x35, 0x09,
0x31, 0x39, 0x35, 0x36, 0x09, 0x2d, 0x09, 0x4f, 0x63, 0x74, 0x09, 0x6c, 0x61, 0x73, 0x74, 0x53,
0x75, 0x6e, 0x09, 0x32, 0x3a, 0x30, 0x30, 0x09, 0x30, 0x09, 0x53, 0x0a, 0x52, 0x75, 0x6c, 0x65,
0x09, 0x50, 0x75, 0x6c, 0x61, 0x73, 0x6b, 0x69, 0x09, 0x31, 0x39, 0x35, 0x37, 0x09, 0x31, 0x39,
0x36, 0x30, 0x09, 0x2d, 0x09, 0x53, 0x65, 0x70, 0x09, 0x6c, 0x61, 0x73, 0x74, 0x53, 0x75, 0x6e,
0x09, 0x32, 0x3a, 0x30, 0x30, 0x09, 0x30, 0x09, 0x53, 0x0a, 0x5a, 0x6f, 0x6e, 0x65, 0x20, 0x41,
0x6d, 0x65, 0x72, 0x69, 0x63, 0x61, 0x2f, 0x49, 0x6e, 0x64, 0x69, 0x61, 0x6e, 0x61, 0x2f, 0x57,
0x69, 0x6e, 0x61, 0x6d, 0x61, 0x63, 0x20, 0x2d, 0x35, 0x3a, 0x34, 0x36, 0x3a, 0x32, 0x35, 0x20,
0x2d, 0x20, 0x4c, 0x4d, 0x54, 0x09, 0x31, 0x38, 0x38, 0x33, 0x20, 0x4e, 0x6f, 0x76, 0x20, 0x31,
0x38, 0x20, 0x31, 0x38, 0x3a, 0x30, 0x30, 0x75, 0x0a, 0x09, 0x09, 0x09, 0x2d, 0x36, 0x3a, 0x30,
0x30, 0x09, 0x55, 0x53, 0x09, 0x43, 0x25, 0x73, 0x54, 0x09, 0x31, 0x39, 0x34, 0x36, 0x0a, 0x09,
0x09, 0x09, 0x2d, 0x36, 0x3a, 0x30, 0x30, 0x09, 0x50, 0x75, 0x6c, 0x61, 0x73, 0x6b, 0x69, 0x09,
0x43, 0x25, 0x73, 0x54, 0x09, 0x31, 0x39, 0x36, 0x31, 0x20, 0x41, 0x70, 0x72, 0x20, 0x33, 0x30,
0x20, 0x20, 0x32, 0x3a, 0x30, 0x30, 0x0a, 0x09, 0x09, 0x09, 0x2d, 0x35, 0x3a, 0x30, 0x30, 0x09,
0x2d, 0x09, 0x45, 0x53, 0x54, 0x09, 0x31, 0x39, 0x36, 0x39, 0x0a, 0x09, 0x09, 0x09, 0x2d, 0x35,
0x3a, 0x30, 0x30, 0x09, 0x55, 0x53, 0x09, 0x45, 0x25, 0x73, 0x54, 0x09, 0x31, 0x39, 0x37, 0x31,
0x0a, 0x09, 0x09, 0x09, 0x2d, 0x35, 0x3a, 0x30, 0x30, 0x09, 0x2d, 0x09, 0x45, 0x53, 0x54, 0x09,
0x32, 0x30, 0x30, 0x36, 0x20, 0x41, 0x70, 0x72, 0x20, 0x20, 0x32, 0x20, 0x20, 0x32, 0x3a, 0x30,
0x30, 0x0a, 0x09, 0x09, 0x09, 0x2d, 0x36, 0x3a, 0x30, 0x30, 0x09, 0x55, 0x53, 0x09, 0x43, 0x25,
0x73, 0x54, 0x09, 0x32, 0x30, 0x30, 0x37, 0x20, 0x4d, 0x61, 0x72, 0x20, 0x31, 0x31, 0x20, 0x20,
0x32, 0x3a, 0x30, 0x30, 0x0a, 0x09, 0x09, 0x09, 0x2d, 0x35, 0x3a, 0x30, 0x30, 0x09, 0x55, 0x53,
0x09, 0x45, 0x25, 0x73, 0x54, 0x0a, 0x5a, 0x6f, 0x6e, 0x65, 0x20, 0x41, 0x6d, 0x65, 0x72, 0x69,
0x63, 0x61, 0x2f, 0x49, 0x6e, 0x64, 0x69, 0x61, 0x6e, 0x61, 0x2f, 0x56, 0x65, 0x76, 0x61, 0x79,
0x20, 0x2d, 0x35, 0x3a, 0x34, 0x30, 0x3a, 0x31, 0x36, 0x20, 0x2d, 0x09, 0x4c, 0x4d, 0x54, 0x09,
0x31, 0x38, 0x38, 0x33, 0x20, 0x4e, 0x6f, 0x76, 0x20, 0x31, 0x38, 0x20, 0x31, 0x38, 0x3a, 0x30,
0x30, 0x75, 0x0a, 0x09, 0x09, 0x09, 0x2d, 0x36, 0x3a, 0x30, 0x30, 0x09, 0x55, 0x53, 0x09, 0x43,
0x25, 0x73, 0x54, 0x09, 0x31, 0x39, 0x35, 0x34, 0x20, 0x41, 0x70, 0x72, 0x20, 0x32, 0x35, 0x20,
0x20, 0x32, 0x3a, 0x30, 0x30, 0x0a, 0x09, 0x09, 0x09, 0x2d, 0x35, 0x3a, 0x30, 0x30, 0x09, 0x2d,
0x09, 0x45, 0x53, 0x54, 0x09, 0x31, 0x39, 0x36, 0x39, 0x0a, 0x09, 0x09, 0x09, 0x2d, 0x35, 0x3a,
0x30, 0x30, 0x09, 0x55, 0x53, 0x09, 0x45, 0x25, 0x73, 0x54, 0x09, 0x31, 0x39, 0x37, 0x33, 0x0a,
0x09, 0x09, 0x09, 0x2d, 0x35, 0x3a, 0x30, 0x30, 0x09, 0x2d, 0x09, 0x45, 0x53, 0x54, 0x09, 0x32,
0x30, 0x30, 0x36, 0x0a, 0x09, 0x09, 0x09, 0x2d, 0x35, 0x3a, 0x30, 0x30, 0x09, 0x55, 0x53, 0x09,
0x45, 0x25, 0x73, 0x54, 0x0a, 0x52, 0x75, 0x6c, 0x65, 0x20, 0x4c, 0x6f, 0x75, 0x69, 0x73, 0x76,
0x69, 0x6c, 0x6c, 0x65, 0x09, 0x31, 0x39, 0x32, 0x31, 0x09, 0x6f, 0x6e, 0x6c, 0x79, 0x09, 0x2d,
0x09, 0x4d, 0x61, 0x79, 0x09, 0x31, 0x09, 0x32, 0x3a, 0x30, 0x30, 0x09, 0x31, 0x3a, 0x30, 0x30,
0x09, 0x44, 0x0a, 0x52, 0x75, 0x6c, 0x65, 0x20, 0x4c, 0x6f, 0x75, 0x69, 0x73, 0x76, 0x69, 0x6c,
0x6c, 0x65, 0x09, 0x31, 0x39, 0x32, 0x31, 0x09, 0x6f, 0x6e, 0x6c, 0x79, 0x09, 0x2d, 0x09, 0x53,
0x65, 0x70, 0x09, 0x31, 0x09, 0x32, 0x3a, 0x30, 0x30, 0x09, 0x30, 0x09, 0x53, 0x0a, 0x52, 0x75,
0x6c, 0x65, 0x20, 0x4c, 0x6f, 0x75, 0x69, 0x73, 0x76, 0x69, 0x6c, 0x6c, 0x65, 0x09, 0x31, 0x39,
0x34, 0x31, 0x09, 0x6f, 0x6e, 0x6c, 0x79, 0x09, 0x2d, 0x09, 0x41, 0x70, 0x72, 0x09, 0x6c, 0x61,
0x73, 0x74, 0x53, 0x75, 0x6e, 0x09, 0x32, 0x3a, 0x30, 0x30, 0x09, 0x31, 0x3a, 0x30, 0x30, 0x09,
0x44, 0x0a, 0x52, 0x75, 0x6c, 0x65, 0x20, 0x4c, 0x6f, 0x75, 0x69, 0x73, 0x76, 0x69, 0x6c, 0x6c,
0x65, 0x09, 0x31, 0x39, 0x34, 0x31, 0x09, 0x6f, 0x6e, 0x6c, 0x79, 0x09, 0x2d, 0x09, 0x53, 0x65,
0x70, 0x09, 0x6c, 0x61, 0x73, 0x74, 0x53, 0x75, 0x6e, 0x09, 0x32, 0x3a, 0x30, 0x30, 0x09, 0x30,
0x09, 0x53, 0x0a, 0x52, 0x75, 0x6c, 0x65, 0x20, 0x4c, 0x6f, 0x75, 0x69, 0x73, 0x76, 0x69, 0x6c,
0x6c, 0x65, 0x09, 0x31, 0x39, 0x34, 0x36, 0x09, 0x6f, 0x6e, 0x6c, 0x79, 0x09, 0x2d, 0x09, 0x41,
0x70, 0x72, 0x09, 0x6c, 0x61, 0x73, 0x74, 0x53, 0x75, 0x6e, 0x09, 0x30, 0x3a, 0x30, 0x31, 0x09,
0x31, 0x3a, 0x30, 0x30, 0x09, 0x44, 0x0a, 0x52, 0x75, 0x6c, 0x65, 0x20, 0x4c, 0x6f, 0x75, 0x69,
0x73, 0x76, 0x69, 0x6c, 0x6c, 0x65, 0x09, 0x31, 0x39, 0x34, 0x36, 0x09, 0x6f, 0x6e, 0x6c, 0x79,
0x09, 0x2d, 0x09, 0x4a, 0x75, 0x6e, 0x09, 0x32, 0x09, 0x32, 0x3a, 0x30, 0x30, 0x09, 0x30, 0x09,
0x53, 0x0a, 0x52, 0x75, 0x6c, 0x65, 0x20, 0x4c, 0x6f, 0x75, 0x69, 0x73, 0x76, 0x69, 0x6c, 0x6c,
0x65, 0x09, 0x31, 0x39, 0x35, 0x30, 0x09, 0x31, 0x39, 0x36, 0x31, 0x09, 0x2d, 0x09, 0x41, 0x70,
0x72, 0x09, 0x6c, 0x61, 0x73, 0x74, 0x53, 0x75, 0x6e, 0x09, 0x32, 0x3a, 0x30, 0x30, 0x09, 0x31,
0x3a, 0x30, 0x30, 0x09, 0x44, 0x0a, 0x52, 0x75, 0x6c, 0x65, 0x20, 0x4c, 0x6f, 0x75, 0x69, 0x73,
0x76, 0x69, 0x6c, 0x6c, 0x65, 0x09, 0x31, 0x39, 0x35, 0x30, 0x09, 0x31, 0x39, 0x35, 0x35, 0x09,
0x2d, 0x09, 0x53, 0x65, 0x70, 0x09, 0x6c, 0x61, 0x73, 0x74, 0x53, 0x75, 0x6e, 0x09, 0x32, 0x3a,
0x30, 0x30, 0x09, 0x30, 0x09, 0x53, 0x0a, 0x52, 0x75, 0x6c, 0x65, 0x20, 0x4c, 0x6f, 0x75, 0x69,
0x73, 0x76, 0x69, 0x6c, 0x6c, 0x65, 0x09, 0x31, 0x39, 0x35, 0x36, 0x09, 0x31, 0x39, 0x36, 0x31,
0x09, 0x2d, 0x09, 0x4f, 0x63, 0x74, 0x09, 0x6c, 0x61, 0x73, 0x74, 0x53, 0x75, 0x6e, 0x09, 0x32,
0x3a, 0x30, 0x30, 0x09, 0x30, 0x09, 0x53, 0x0a, 0x5a, 0x6f, 0x6e, 0x65, 0x20, 0x41, 0x6d, 0x65,
0x72, 0x69, 0x63, 0x61, 0x2f, 0x4b, 0x65, 0x6e, 0x74, 0x75, 0x63, 0x6b, 0x79, 0x2f, 0x4c, 0x6f,
0x75, 0x69, 0x73, 0x76, 0x69, 0x6c, 0x6c, 0x65, 0x20, 0x2d, 0x35, 0x3a, 0x34, 0x33, 0x3a, 0x30,
0x32, 0x20, 0x2d, 0x20, 0x4c, 0x4d, 0x54, 0x09, 0x31, 0x38, 0x38, 0x33, 0x20, 0x4e, 0x6f, 0x76,
0x20, 0x31, 0x38, 0x20, 0x31, 0x38, 0x3a, 0x30, 0x30, 0x75, 0x0a, 0x09, 0x09, 0x09, 0x2d, 0x36,
0x3a, 0x30, 0x30, 0x09, 0x55, 0x53, 0x09, 0x43, 0x25, 0x73, 0x54, 0x09, 0x31, 0x39, 0x32, 0x31,
0x0a, 0x09, 0x09, 0x09, 0x2d, 0x36, 0x3a, 0x30, 0x30, 0x20, 0x4c, 0x6f, 0x75, 0x69, 0x73, 0x76,
0x69, 0x6c, 0x6c, 0x65, 0x20, 0x43, 0x25, 0x73, 0x54, 0x09, 0x31, 0x39, 0x34, 0x32, 0x0a, 0x09,
0x09, 0x09, 0x2d, 0x36, 0x3a, 0x30, 0x30, 0x09, 0x55, 0x53, 0x09, 0x43, 0x25, 0x73, 0x54, 0x09,
0x31, 0x39, 0x34, 0x36, 0x0a, 0x09, 0x09, 0x09, 0x2d, 0x36, 0x3a, 0x30, 0x30, 0x20, 0x4c, 0x6f,
0x75, 0x69, 0x73, 0x76, 0x69, 0x6c, 0x6c, 0x65, 0x20, 0x43, 0x25, 0x73, 0x54, 0x09, 0x31, 0x39,
0x36, 0x31, 0x20, 0x4a, 0x75, 0x6c, 0x20, 0x32, 0x33, 0x20, 0x20, 0x32, 0x3a, 0x30, 0x30, 0x0a,
0x09, 0x09, 0x09, 0x2d, 0x35, 0x3a, 0x30, 0x30, 0x09, 0x2d, 0x09, 0x45, 0x53, 0x54, 0x09, 0x31,
0x39, 0x36, 0x38, 0x0a, 0x09, 0x09, 0x09, 0x2d, 0x35, 0x3a, 0x30, 0x30, 0x09, 0x55, 0x53, 0x09,
0x45, 0x25, 0x73, 0x54, 0x09, 0x31, 0x39, 0x37, 0x34, 0x20, 0x4a, 0x61, 0x6e, 0x20, 0x20, 0x36,
0x20, 0x20, 0x32, 0x3a, 0x30, 0x30, 0x0a, 0x09, 0x09, 0x09, 0x2d, 0x36, 0x3a, 0x30, 0x30, 0x09,
0x31, 0x3a, 0x30, 0x30, 0x09, 0x43, 0x44, 0x54, 0x09, 0x31, 0x39, 0x37, 0x34, 0x20, 0x4f, 0x63,
0x74, 0x20, 0x32, 0x37, 0x20, 0x20, 0x32, 0x3a, 0x30, 0x30, 0x0a, 0x09, 0x09, 0x09, 0x2d, 0x35,
0x3a, 0x30, 0x30, 0x09, 0x55, 0x53, 0x09, 0x45, 0x25, 0x73, 0x54, 0x0a, 0x5a, 0x6f, 0x6e, 0x65,
0x20, 0x41, 0x6d, 0x65, 0x72, 0x69, 0x63, 0x61, 0x2f, 0x4b, 0x65, 0x6e, 0x74, 0x75, 0x63, 0x6b,
0x79, 0x2f, 0x4d, 0x6f, 0x6e, 0x74, 0x69, 0x63, 0x65, 0x6c, 0x6c, 0x6f, 0x20, 0x2d, 0x35, 0x3a,
0x33, 0x39, 0x3a, 0x32, 0x34, 0x20, 0x2d, 0x20, 0x4c, 0x4d, 0x54, 0x09, 0x31, 0x38, 0x38, 0x33,
0x20, 0x4e, 0x6f, 0x76, 0x20, 0x31, 0x38, 0x20, 0x31, 0x38, 0x3a, 0x30, 0x30, 0x75, 0x0a, 0x09,
0x09, 0x09, 0x2d, 0x36, 0x3a, 0x30, 0x30, 0x09, 0x55, 0x53, 0x09, 0x43, 0x25, 0x73, 0x54, 0x09,
0x31, 0x39, 0x34, 0x36, 0x0a, 0x09, 0x09, 0x09, 0x2d, 0x36, 0x3a, 0x30, 0x30, 0x09, 0x2d, 0x09,
0x43, 0x53, 0x54, 0x09, 0x31, 0x39, 0x36, 0x38, 0x0a, 0x09, 0x09, 0x09, 0x2d, 0x36, 0x3a, 0x30,
0x30, 0x09, 0x55, 0x53, 0x09, 0x43, 0x25, 0x73, 0x54, 0x09, 0x32, 0x30, 0x30, 0x30, 0x20, 0x4f,
0x63, 0x74, 0x20, 0x32, 0x39, 0x20, 0x20, 0x32, 0x3a, 0x30, 0x30, 0x0a, 0x09, 0x09, 0x09, 0x2d,
0x35, 0x3a, 0x30, 0x30, 0x09, 0x55, 0x53, 0x09, 0x45, 0x25, 0x73, 0x54, 0x0a, 0x52, 0x75, 0x6c,
0x65, 0x09, 0x44, 0x65, 0x74, 0x72, 0x6f, 0x69, 0x74, 0x09, 0x31, 0x39, 0x34, 0x38, 0x09, 0x6f,
0x6e, 0x6c, 0x79, 0x09, 0x2d, 0x09, 0x41, 0x70, 0x72, 0x09, 0x6c, 0x61, 0x73, 0x74, 0x53, 0x75,
0x6e, 0x09, 0x32, 0x3a, 0x30, 0x30, 0x09, 0x31, 0x3a, 0x30, 0x30, 0x09, 0x44, 0x0a, 0x52, 0x75,
0x6c, 0x65, 0x09, 0x44, 0x65, 0x74, 0x72, 0x6f, 0x69, 0x74, 0x09, 0x31, 0x39, 0x34, 0x38, 0x09,
0x6f, 0x6e, 0x6c, 0x79, 0x09, 0x2d, 0x09, 0x53, 0x65, 0x70, 0x09, 0x6c, 0x61, 0x73, 0x74, 0x53,
0x75, 0x6e, 0x09, 0x32, 0x3a, 0x30, 0x30, 0x09, 0x30, 0x09, 0x53, 0x0a, 0x5a, 0x6f, 0x6e, 0x65,
0x20, 0x41, 0x6d, 0x65, 0x72, 0x69, 0x63, 0x61, 0x2f, 0x44, 0x65, 0x74, 0x72, 0x6f, 0x69, 0x74,
0x09, 0x2d, 0x35, 0x3a, 0x33, 0x32, 0x3a, 0x31, 0x31, 0x20, 0x2d, 0x09, 0x4c, 0x4d, 0x54, 0x09,
0x31, 0x39, 0x30, 0x35, 0x0a, 0x09, 0x09, 0x09, 0x2d, 0x36, 0x3a, 0x30, 0x30, 0x09, 0x2d, 0x09,
0x43, 0x53, 0x54, 0x09, 0x31, 0x39, 0x31, 0x35, 0x20, 0x4d, 0x61, 0x79, 0x20, 0x31, 0x35, 0x20,
0x20, 0x32, 0x3a, 0x30, 0x30, 0x0a, 0x09, 0x09, 0x09, 0x2d, 0x35, 0x3a, 0x30, 0x30, 0x09, 0x2d,
0x09, 0x45, 0x53, 0x54, 0x09, 0x31, 0x39, 0x34, 0x32, 0x0a, 0x09, 0x09, 0x09, 0x2d, 0x35, 0x3a,
0x30, 0x30, 0x09, 0x55, 0x53, 0x09, 0x45, 0x25, 0x73, 0x54, 0x09, 0x31, 0x39, 0x34, 0x36, 0x0a,
0x09, 0x09, 0x09, 0x2d, 0x35, 0x3a, 0x30, 0x30, 0x09, 0x44, 0x65, 0x74, 0x72, 0x6f, 0x69, 0x74,
0x09, 0x45, 0x25, 0x73, 0x54, 0x09, 0x31, 0x39, 0x36, 0x37, 0x20, 0x4a, 0x75, 0x6e, 0x20, 0x31,
0x34, 0x20, 0x20, 0x30, 0x3a, 0x30, 0x31, 0x0a, 0x09, 0x09, 0x09, 0x2d, 0x35, 0x3a, 0x30, 0x30,
0x09, 0x55, 0x53, 0x09, 0x45, 0x25, 0x73, 0x54, 0x09, 0x31, 0x39, 0x36, 0x39, 0x0a, 0x09, 0x09,
0x09, 0x2d, 0x35, 0x3a, 0x30, 0x30, 0x09, 0x2d, 0x09, 0x45, 0x53, 0x54, 0x09, 0x31, 0x39, 0x37,
0x33, 0x0a, 0x09, 0x09, 0x09, 0x2d, 0x35, 0x3a, 0x30, 0x30, 0x09, 0x55, 0x53, 0x09, 0x45, 0x25,
0x73, 0x54, 0x09, 0x31, 0x39, 0x37, 0x35, 0x0a, 0x09, 0x09, 0x09, 0x2d, 0x35, 0x3a, 0x30, 0x30,
0x09, 0x2d, 0x09, 0x45, 0x53, 0x54, 0x09, 0x31, 0x39, 0x37, 0x35, 0x20, 0x41, 0x70, 0x72, 0x20,
0x32, 0x37, 0x20, 0x20, 0x32, 0x3a, 0x30, 0x30, 0x0a, 0x09, 0x09, 0x09, 0x2d, 0x35, 0x3a, 0x30,
0x30, 0x09, 0x55, 0x53, 0x09, 0x45, 0x25, 0x73, 0x54, 0x0a, 0x52, 0x75, 0x6c, 0x65, 0x20, 0x4d,
0x65, 0x6e, 0x6f, 0x6d, 0x69, 0x6e, 0x65, 0x65, 0x09, 0x31, 0x39, 0x34, 0x36, 0x09, 0x6f, 0x6e,
0x6c, 0x79, 0x09, 0x2d, 0x09, 0x41, 0x70, 0x72, 0x09, 0x6c, 0x61, 0x73, 0x74, 0x53, 0x75, 0x6e,
0x09, 0x32, 0x3a, 0x30, 0x30, 0x09, 0x31, 0x3a, 0x30, 0x30, 0x09, 0x44, 0x0a, 0x52, 0x75, 0x6c,
0x65, 0x20, 0x4d, 0x65, 0x6e, 0x6f, 0x6d, 0x69, 0x6e, 0x65, 0x65, 0x09, 0x31, 0x39, 0x34, 0x36,
0x09, 0x6f, 0x6e, 0x6c, 0x79, 0x09, 0x2d, 0x09, 0x53, 0x65, 0x70, 0x09, 0x6c, 0x61, 0x73, 0x74,
0x53, 0x75, 0x6e, 0x09, 0x32, 0x3a, 0x30, 0x30, 0x09, 0x30, 0x09, 0x53, 0x0a, 0x52, 0x75, 0x6c,
0x65, 0x20, 0x4d, 0x65, 0x6e, 0x6f, 0x6d, 0x69, 0x6e, 0x65, 0x65, 0x09, 0x31, 0x39, 0x36, 0x36,
0x09, 0x6f, 0x6e, 0x6c, 0x79, 0x09, 0x2d, 0x09, 0x41, 0x70, 0x72, 0x09, 0x6c, 0x61, 0x73, 0x74,
0x53, 0x75, 0x6e, 0x09, 0x32, 0x3a, 0x30, 0x30, 0x09, 0x31, 0x3a, 0x30, 0x30, 0x09, 0x44, 0x0a,
0x52, 0x75, 0x6c, 0x65, 0x20, 0x4d, 0x65, 0x6e, 0x6f, 0x6d, 0x69, 0x6e, 0x65, 0x65, 0x09, 0x31,
0x39, 0x36, 0x36, 0x09, 0x6f, 0x6e, 0x6c, 0x79, 0x09, 0x2d, 0x09, 0x4f, 0x63, 0x74, 0x09, 0x6c,
0x61, 0x73, 0x74, 0x53, 0x75, 0x6e, 0x09, 0x32, 0x3a, 0x30, 0x30, 0x09, 0x30, 0x09, 0x53, 0x0a,
0x5a, 0x6f, 0x6e, 0x65, 0x20, 0x41, 0x6d, 0x65, 0x72, 0x69, 0x63, 0x61, 0x2f, 0x4d, 0x65, 0x6e,
0x6f, 0x6d, 0x69, 0x6e, 0x65, 0x65, 0x09, 0x2d, 0x35, 0x3a, 0x35, 0x30, 0x3a, 0x32, 0x37, 0x20,
0x2d, 0x09, 0x4c, 0x4d, 0x54, 0x09, 0x31, 0x38, 0x38, 0x35, 0x20, 0x53, 0x65, 0x70, 0x20, 0x31,
0x38, 0x20, 0x31, 0x32, 0x3a, 0x30, 0x30, 0x0a, 0x09, 0x09, 0x09, 0x2d, 0x36, 0x3a, 0x30, 0x30,
0x09, 0x55, 0x53, 0x09, 0x43, 0x25, 0x73, 0x54, 0x09, 0x31, 0x39, 0x34, 0x36, 0x0a, 0x09, 0x09,
0x09, 0x2d, 0x36, 0x3a, 0x30, 0x30, 0x20, 0x4d, 0x65, 0x6e, 0x6f, 0x6d, 0x69, 0x6e, 0x65, 0x65,
0x09, 0x43, 0x25, 0x73, 0x54, 0x09, 0x31, 0x39, 0x36, 0x39, 0x20, 0x41, 0x70, 0x72, 0x20, 0x32,
0x37, 0x20, 0x20, 0x32, 0x3a, 0x30, 0x30, 0x0a, 0x09, 0x09, 0x09, 0x2d, 0x35, 0x3a, 0x30, 0x30,
0x09, 0x2d, 0x09, 0x45, 0x53, 0x54, 0x09, 0x31, 0x39, 0x37, 0x33, 0x20, 0x41, 0x70, 0x72, 0x20,
0x32, 0x39, 0x20, 0x20, 0x32, 0x3a, 0x30, 0x30, 0x0a, 0x09, 0x09, 0x09, 0x2d, 0x36, 0x3a, 0x30,
0x30, 0x09, 0x55, 0x53, 0x09, 0x43, 0x25, 0x73, 0x54, 0x0a, 0x52, 0x75, 0x6c, 0x65, 0x09, 0x43,
0x61, 0x6e, 0x61, 0x64, 0x61, 0x09, 0x31, 0x39, 0x31, 0x38, 0x09, 0x6f, 0x6e, 0x6c, 0x79, 0x09,
0x2d, 0x09, 0x41, 0x70, 0x72, 0x09, 0x31, 0x34, 0x09, 0x32, 0x3a, 0x30, 0x30, 0x09, 0x31, 0x3a,
0x30, 0x30, 0x09, 0x44, 0x0a, 0x52, 0x75, 0x6c, 0x65, 0x09, 0x43, 0x61, 0x6e, 0x61, 0x64, 0x61,
0x09, 0x31, 0x39, 0x31, 0x38, 0x09, 0x6f, 0x6e, 0x6c, 0x79, 0x09, 0x2d, 0x09, 0x4f, 0x63, 0x74,
0x09, 0x32, 0x37, 0x09, 0x32, 0x3a, 0x30, 0x30, 0x09, 0x30, 0x09, 0x53, 0x0a, 0x52, 0x75, 0x6c,
0x65, 0x09, 0x43, 0x61, 0x6e, 0x61, 0x64, 0x61, 0x09, 0x31, 0x39, 0x34, 0x32, 0x09, 0x6f, 0x6e,
0x6c, 0x79, 0x09, 0x2d, 0x09, 0x46, 0x65, 0x62, 0x09, 0x20, 0x39, 0x09, 0x32, 0x3a, 0x30, 0x30,
0x09, 0x31, 0x3a, 0x30, 0x30, 0x09, 0x57, 0x20, 0x23, 0x20, 0x57, 0x61, 0x72, 0x0a, 0x52, 0x75,
0x6c, 0x65, 0x09, 0x43, 0x61, 0x6e, 0x61, 0x64, 0x61, 0x09, 0x31, 0x39, 0x34, 0x35, 0x09, 0x6f,
0x6e, 0x6c, 0x79, 0x09, 0x2d, 0x09, 0x41, 0x75, 0x67, 0x09, 0x31, 0x34, 0x09, 0x32, 0x33, 0x3a,
0x30, 0x30, 0x75, 0x09, 0x31, 0x3a, 0x30, 0x30, 0x09, 0x50, 0x20, 0x23, 0x20, 0x50, 0x65, 0x61,
0x63, 0x65, 0x0a, 0x52, 0x75, 0x6c, 0x65, 0x09, 0x43, 0x61, 0x6e, 0x61, 0x64, 0x61, 0x09, 0x31,
0x39, 0x34, 0x35, 0x09, 0x6f, 0x6e, 0x6c, 0x79, 0x09, 0x2d, 0x09, 0x53, 0x65, 0x70, 0x09, 0x33,
0x30, 0x09, 0x32, 0x3a, 0x30, 0x30, 0x09, 0x30, 0x09, 0x53, 0x0a, 0x52, 0x75, 0x6c, 0x65, 0x09,
0x43, 0x61, 0x6e, 0x61, 0x64, 0x61, 0x09, 0x31, 0x39, 0x37, 0x34, 0x09, 0x31, 0x39, 0x38, 0x36,
0x09, 0x2d, 0x09, 0x41, 0x70, 0x72, 0x09, 0x6c, 0x61, 0x73, 0x74, 0x53, 0x75, 0x6e, 0x09, 0x32,
0x3a, 0x30, 0x30, 0x09, 0x31, 0x3a, 0x30, 0x30, 0x09, 0x44, 0x0a, 0x52, 0x75, 0x6c, 0x65, 0x09,
0x43, 0x61, 0x6e, 0x61, 0x64, 0x61, 0x09, 0x31, 0x39, 0x37, 0x34, 0x09, 0x32, 0x30, 0x30, 0x36,
0x09, 0x2d, 0x09, 0x4f, 0x63, 0x74, 0x09, 0x6c, 0x61, 0x73, 0x74, 0x53, 0x75, 0x6e, 0x09, 0x32,
0x3a, 0x30, 0x30, 0x09, 0x30, 0x09, 0x53, 0x0a, 0x52, 0x75, 0x6c, 0x65, 0x09, 0x43, 0x61, 0x6e,
0x61, 0x64, 0x61, 0x09, 0x31, 0x39, 0x38, 0x37, 0x09, 0x32, 0x30, 0x30, 0x36, 0x09, 0x2d, 0x09,
0x41, 0x70, 0x72, 0x09, 0x53, 0x75, 0x6e, 0x3e, 0x3d, 0x31, 0x09, 0x32, 0x3a, 0x30, 0x30, 0x09,
0x31, 0x3a, 0x30, 0x30, 0x09, 0x44, 0x0a, 0x52, 0x75, 0x6c, 0x65, 0x09, 0x43, 0x61, 0x6e, 0x61,
0x64, 0x61, 0x09, 0x32, 0x30, 0x30, 0x37, 0x09, 0x6d, 0x61, 0x78, 0x09, 0x2d, 0x09, 0x4d, 0x61,
0x72, 0x09, 0x53, 0x75, 0x6e, 0x3e, 0x3d, 0x38, 0x09, 0x32, 0x3a, 0x30, 0x30, 0x09, 0x31, 0x3a,
0x30, 0x30, 0x09, 0x44, 0x0a, 0x52, 0x75, 0x6c, 0x65, 0x09, 0x43, 0x61, 0x6e, 0x61, 0x64, 0x61,
0x09, 0x32, 0x30, 0x30, 0x37, 0x09, 0x6d, 0x61, 0x78, 0x09, 0x2d, 0x09, 0x4e, 0x6f, 0x76, 0x09,
0x53, 0x75, 0x6e, 0x3e, 0x3d, 0x31, 0x09, 0x32, 0x3a, 0x30, 0x30, 0x09, 0x30, 0x09, 0x53, 0x0a,
0x52, 0x75, 0x6c, 0x65, 0x09, 0x53, 0x74, 0x4a, 0x6f, 0x68, 0x6e, 0x73, 0x09, 0x31, 0x39, 0x31,
0x37, 0x09, 0x6f, 0x6e, 0x6c, 0x79, 0x09, 0x2d, 0x09, 0x41, 0x70, 0x72, 0x09, 0x20, 0x38, 0x09,
0x32, 0x3a, 0x30, 0x30, 0x09, 0x31, 0x3a, 0x30, 0x30, 0x09, 0x44, 0x0a, 0x52, 0x75, 0x6c, 0x65,
0x09, 0x53, 0x74, 0x4a, 0x6f, 0x68, 0x6e, 0x73, 0x09, 0x31, 0x39, 0x31, 0x37, 0x09, 0x6f, 0x6e,
0x6c, 0x79, 0x09, 0x2d, 0x09, 0x53, 0x65, 0x70, 0x09, 0x31, 0x37, 0x09, 0x32, 0x3a, 0x30, 0x30,
0x09, 0x30, 0x09, 0x53, 0x0a, 0x52, 0x75, 0x6c, 0x65, 0x09, 0x53, 0x74, 0x4a, 0x6f, 0x68, 0x6e,
0x73, 0x09, 0x31, 0x39, 0x31, 0x39, 0x09, 0x6f, 0x6e, 0x6c, 0x79, 0x09, 0x2d, 0x09, 0x4d, 0x61,
0x79, 0x09, 0x20, 0x35, 0x09, 0x32, 0x33, 0x3a, 0x30, 0x30, 0x09, 0x31, 0x3a, 0x30, 0x30, 0x09,
0x44, 0x0a, 0x52, 0x75, 0x6c, 0x65, 0x09, 0x53, 0x74, 0x4a, 0x6f, 0x68, 0x6e, 0x73, 0x09, 0x31,
0x39, 0x31, 0x39, 0x09, 0x6f, 0x6e, 0x6c, 0x79, 0x09, 0x2d, 0x09, 0x41, 0x75, 0x67, 0x09, 0x31,
0x32, 0x09, 0x32, 0x33, 0x3a, 0x30, 0x30, 0x09, 0x30, 0x09, 0x53, 0x0a, 0x52, 0x75, 0x6c, 0x65,
0x09, 0x53, 0x74, 0x4a, 0x6f, 0x68, 0x6e, 0x73, 0x09, 0x31, 0x39, 0x32, 0x30, 0x09, 0x31, 0x39,
0x33, 0x35, 0x09, 0x2d, 0x09, 0x4d, 0x61, 0x79, 0x09, 0x53, 0x75, 0x6e, 0x3e, 0x3d, 0x31, 0x09,
0x32, 0x33, 0x3a, 0x30, 0x30, 0x09, 0x31, 0x3a, 0x30, 0x30, 0x09, 0x44, 0x0a, 0x52, 0x75, 0x6c,
0x65, 0x09, 0x53, 0x74, 0x4a, 0x6f, 0x68, 0x6e, 0x73, 0x09, 0x31, 0x39, 0x32, 0x30, 0x09, 0x31,
0x39, 0x33, 0x35, 0x09, 0x2d, 0x09, 0x4f, 0x63, 0x74, 0x09, 0x6c, 0x61, 0x73, 0x74, 0x53, 0x75,
0x6e, 0x09, 0x32, 0x33, 0x3a, 0x30, 0x30, 0x09, 0x30, 0x09, 0x53, 0x0a, 0x52, 0x75, 0x6c, 0x65,
0x09, 0x53, 0x74, 0x4a, 0x6f, 0x68, 0x6e, 0x73, 0x09, 0x31, 0x39, 0x33, 0x36, 0x09, 0x31, 0x39,
0x34, 0x31, 0x09, 0x2d, 0x09, 0x4d, 0x61, 0x79, 0x09, 0x4d, 0x6f, 0x6e, 0x3e, 0x3d, 0x39, 0x09,
0x30, 0x3a, 0x30, 0x30, 0x09, 0x31, 0x3a, 0x30, 0x30, 0x09, 0x44, 0x0a, 0x52, 0x75, 0x6c, 0x65,
0x09, 0x53, 0x74, 0x4a, 0x6f, 0x68, 0x6e, 0x73, 0x09, 0x31, 0x39, 0x33, 0x36, 0x09, 0x31, 0x39,
0x34, 0x31, 0x09, 0x2d, 0x09, 0x4f, 0x63, 0x74, 0x09, 0x4d, 0x6f, 0x6e, 0x3e, 0x3d, 0x32, 0x09,
0x30, 0x3a, 0x30, 0x30, 0x09, 0x30, 0x09, 0x53, 0x0a, 0x52, 0x75, 0x6c, 0x65, 0x09, 0x53, 0x74,
0x4a, 0x6f, 0x68, 0x6e, 0x73, 0x09, 0x31, 0x39, 0x34, 0x36, 0x09, 0x31, 0x39, 0x35, 0x30, 0x09,
0x2d, 0x09, 0x4d, 0x61, 0x79, 0x09, 0x53, 0x75, 0x6e, 0x3e, 0x3d, 0x38, 0x09, 0x32, 0x3a, 0x30,
0x30, 0x09, 0x31, 0x3a, 0x30, 0x30, 0x09, 0x44, 0x0a, 0x52, 0x75, 0x6c, 0x65, 0x09, 0x53, 0x74,
0x4a, 0x6f, 0x68, 0x6e, 0x73, 0x09, 0x31, 0x39, 0x34, 0x36, 0x09, 0x31, 0x39, 0x35, 0x30, 0x09,
0x2d, 0x09, 0x4f, 0x63, 0x74, 0x09, 0x53, 0x75, 0x6e, 0x3e, 0x3d, 0x32, 0x09, 0x32, 0x3a, 0x30,
0x30, 0x09, 0x30, 0x09, 0x53, 0x0a, 0x52, 0x75, 0x6c, 0x65, 0x09, 0x53, 0x74, 0x4a, 0x6f, 0x68,
0x6e, 0x73, 0x09, 0x31, 0x39, 0x35, 0x31, 0x09, 0x31, 0x39, 0x38, 0x36, 0x09, 0x2d, 0x09, 0x41,
0x70, 0x72, 0x09, 0x6c, 0x61, 0x73, 0x74, 0x53, 0x75, 0x6e, 0x09, 0x32, 0x3a, 0x30, 0x30, 0x09,
0x31, 0x3a, 0x30, 0x30, 0x09, 0x44, 0x0a, 0x52, 0x75, 0x6c, 0x65, 0x09, 0x53, 0x74, 0x4a, 0x6f,
0x68, 0x6e, 0x73, 0x09, 0x31, 0x39, 0x35, 0x31, 0x09, 0x31, 0x39, 0x35, 0x39, 0x09, 0x2d, 0x09,
0x53, 0x65, 0x70, 0x09, 0x6c, 0x61, 0x73, 0x74, 0x53, 0x75, 0x6e, 0x09, 0x32, 0x3a, 0x30, 0x30,
0x09, 0x30, 0x09, 0x53, 0x0a, 0x52, 0x75, 0x6c, 0x65, 0x09, 0x53, 0x74, 0x4a, 0x6f, 0x68, 0x6e,
0x73, 0x09, 0x31, 0x39, 0x36, 0x30, 0x09, 0x31, 0x39, 0x38, 0x36, 0x09, 0x2d, 0x09, 0x4f, 0x63,
0x74, 0x09, 0x6c, 0x61, 0x73, 0x74, 0x53, 0x75, 0x6e, 0x09, 0x32, 0x3a, 0x30, 0x30, 0x09, 0x30,
0x09, 0x53, 0x0a, 0x52, 0x75, 0x6c, 0x65, 0x09, 0x53, 0x74, 0x4a, 0x6f, 0x68, 0x6e, 0x73, 0x09,
0x31, 0x39, 0x38, 0x37, 0x09, 0x6f, 0x6e, 0x6c, 0x79, 0x09, 0x2d, 0x09, 0x41, 0x70, 0x72, 0x09,
0x53, 0x75, 0x6e, 0x3e, 0x3d, 0x31, 0x09, 0x30, 0x3a, 0x30, 0x31, 0x09, 0x31, 0x3a, 0x30, 0x30,
0x09, 0x44, 0x0a, 0x52, 0x75, 0x6c, 0x65, 0x09, 0x53, 0x74, 0x4a, 0x6f, 0x68, 0x6e, 0x73, 0x09,
0x31, 0x39, 0x38, 0x37, 0x09, 0x32, 0x30, 0x30, 0x36, 0x09, 0x2d, 0x09, 0x4f, 0x63, 0x74, 0x09,
0x6c, 0x61, 0x73, 0x74, 0x53, 0x75, 0x6e, 0x09, 0x30, 0x3a, 0x30, 0x31, 0x09, 0x30, 0x09, 0x53,
0x0a, 0x52, 0x75, 0x6c, 0x65, 0x09, 0x53, 0x74, 0x4a, 0x6f, 0x68, 0x6e, 0x73, 0x09, 0x31, 0x39,
0x38, 0x38, 0x09, 0x6f, 0x6e, 0x6c, 0x79, 0x09, 0x2d, 0x09, 0x41, 0x70, 0x72, 0x09, 0x53, 0x75,
0x6e, 0x3e, 0x3d, 0x31, 0x09, 0x30, 0x3a, 0x30, 0x31, 0x09, 0x32, 0x3a, 0x30, 0x30, 0x09, 0x44,
0x44, 0x0a, 0x52, 0x75, 0x6c, 0x65, 0x09, 0x53, 0x74, 0x4a, 0x6f, 0x68, 0x6e, 0x73, 0x09, 0x31,
0x39, 0x38, 0x39, 0x09, 0x32, 0x30, 0x30, 0x36, 0x09, 0x2d, 0x09, 0x41, 0x70, 0x72, 0x09, 0x53,
0x75, 0x6e, 0x3e, 0x3d, 0x31, 0x09, 0x30, 0x3a, 0x30, 0x31, 0x09, 0x31, 0x3a, 0x30, 0x30, 0x09,
0x44, 0x0a, 0x52, 0x75, 0x6c, 0x65, 0x09, 0x53, 0x74, 0x4a, 0x6f, 0x68, 0x6e, 0x73, 0x09, 0x32,
0x30, 0x30, 0x37, 0x09, 0x32, 0x30, 0x31, 0x31, 0x09, 0x2d, 0x09, 0x4d, 0x61, 0x72, 0x09, 0x53,
0x75, 0x6e, 0x3e, 0x3d, 0x38, 0x09, 0x30, 0x3a, 0x30, 0x31, 0x09, 0x31, 0x3a, 0x30, 0x30, 0x09,
0x44, 0x0a, 0x52, 0x75, 0x6c, 0x65, 0x09, 0x53, 0x74, 0x4a, 0x6f, 0x68, 0x6e, 0x73, 0x09, 0x32,
0x30, 0x30, 0x37, 0x09, 0x32, 0x30, 0x31, 0x30, 0x09, 0x2d, 0x09, 0x4e, 0x6f, 0x76, 0x09, 0x53,
0x75, 0x6e, 0x3e, 0x3d, 0x31, 0x09, 0x30, 0x3a, 0x30, 0x31, 0x09, 0x30, 0x09, 0x53, 0x0a, 0x5a,
0x6f, 0x6e, 0x65, 0x20, 0x41, 0x6d, 0x65, 0x72, 0x69, 0x63, 0x61, 0x2f, 0x53, 0x74, 0x5f, 0x4a,
0x6f, 0x68, 0x6e, 0x73, 0x09, 0x2d, 0x33, 0x3a, 0x33, 0x30, 0x3a, 0x35, 0x32, 0x20, 0x2d, 0x09,
0x4c, 0x4d, 0x54, 0x09, 0x31, 0x38, 0x38, 0x34, 0x0a, 0x09, 0x09, 0x09, 0x2d, 0x33, 0x3a, 0x33,
0x30, 0x3a, 0x35, 0x32, 0x20, 0x53, 0x74, 0x4a, 0x6f, 0x68, 0x6e, 0x73, 0x20, 0x4e, 0x25, 0x73,
0x54, 0x09, 0x31, 0x39, 0x31, 0x38, 0x0a, 0x09, 0x09, 0x09, 0x2d, 0x33, 0x3a, 0x33, 0x30, 0x3a,
0x35, 0x32, 0x20, 0x43, 0x61, 0x6e, 0x61, 0x64, 0x61, 0x09, 0x4e, 0x25, 0x73, 0x54, 0x09, 0x31,
0x39, 0x31, 0x39, 0x0a, 0x09, 0x09, 0x09, 0x2d, 0x33, 0x3a, 0x33, 0x30, 0x3a, 0x35, 0x32, 0x20,
0x53, 0x74, 0x4a, 0x6f, 0x68, 0x6e, 0x73, 0x20, 0x4e, 0x25, 0x73, 0x54, 0x09, 0x31, 0x39, 0x33,
0x35, 0x20, 0x4d, 0x61, 0x72, 0x20, 0x33, 0x30, 0x0a, 0x09, 0x09, 0x09, 0x2d, 0x33, 0x3a, 0x33,
0x30, 0x09, 0x53, 0x74, 0x4a, 0x6f, 0x68, 0x6e, 0x73, 0x09, 0x4e, 0x25, 0x73, 0x54, 0x09, 0x31,
0x39, 0x34, 0x32, 0x20, 0x4d, 0x61, 0x79, 0x20, 0x31, 0x31, 0x0a, 0x09, 0x09, 0x09, 0x2d, 0x33,
0x3a, 0x33, 0x30, 0x09, 0x43, 0x61, 0x6e, 0x61, 0x64, 0x61, 0x09, 0x4e, 0x25, 0x73, 0x54, 0x09,
0x31, 0x39, 0x34, 0x36, 0x0a, 0x09, 0x09, 0x09, 0x2d, 0x33, 0x3a, 0x33, 0x30, 0x09, 0x53, 0x74,
0x4a, 0x6f, 0x68, 0x6e, 0x73, 0x09, 0x4e, 0x25, 0x73, 0x54, 0x09, 0x32, 0x30, 0x31, 0x31, 0x20,
0x4e, 0x6f, 0x76, 0x0a, 0x09, 0x09, 0x09, 0x2d, 0x33, 0x3a, 0x33, 0x30, 0x09, 0x43, 0x61, 0x6e,
0x61, 0x64, 0x61, 0x09, 0x4e, 0x25, 0x73, 0x54, 0x0a, 0x5a, 0x6f, 0x6e, 0x65, 0x20, 0x41, 0x6d,
0x65, 0x72, 0x69, 0x63, 0x61, 0x2f, 0x47, 0x6f, 0x6f, 0x73, 0x65, 0x5f, 0x42, 0x61, 0x79, 0x09,
0x2d, 0x34, 0x3a, 0x30, 0x31, 0x3a, 0x34, 0x30, 0x20, 0x2d, 0x09, 0x4c, 0x4d, 0x54, 0x09, 0x31,
0x38, 0x38, 0x34, 0x20, 0x23, 0x20, 0x48, 0x61, 0x70, 0x70, 0x79, 0x20, 0x56, 0x61, 0x6c, 0x6c,
0x65, 0x79, 0x2d, 0x47, 0x6f, 0x6f, 0x73, 0x65, 0x20, 0x42, 0x61, 0x79, 0x0a, 0x09, 0x09, 0x09,
0x2d, 0x33, 0x3a, 0x33, 0x30, 0x3a, 0x35, 0x32, 0x20, 0x2d, 0x09, 0x4e, 0x53, 0x54, 0x09, 0x31,
0x39, 0x31, 0x38, 0x0a, 0x09, 0x09, 0x09, 0x2d, 0x33, 0x3a, 0x33, 0x30, 0x3a, 0x35, 0x32, 0x20,
0x43, 0x61, 0x6e, 0x61, 0x64, 0x61, 0x20, 0x4e, 0x25, 0x73, 0x54, 0x09, 0x31, 0x39, 0x31, 0x39,
0x0a, 0x09, 0x09, 0x09, 0x2d, 0x33, 0x3a, 0x33, 0x30, 0x3a, 0x35, 0x32, 0x20, 0x2d, 0x09, 0x4e,
0x53, 0x54, 0x09, 0x31, 0x39, 0x33, 0x35, 0x20, 0x4d, 0x61, 0x72, 0x20, 0x33, 0x30, 0x0a, 0x09,
0x09, 0x09, 0x2d, 0x33, 0x3a, 0x33, 0x30, 0x09, 0x2d, 0x09, 0x4e, 0x53, 0x54, 0x09, 0x31, 0x39,
0x33, 0x36, 0x0a, 0x09, 0x09, 0x09, 0x2d, 0x33, 0x3a, 0x33, 0x30, 0x09, 0x53, 0x74, 0x4a, 0x6f,
0x68, 0x6e, 0x73, 0x09, 0x4e, 0x25, 0x73, 0x54, 0x09, 0x31, 0x39, 0x34, 0x32, 0x20, 0x4d, 0x61,
0x79, 0x20, 0x31, 0x31, 0x0a, 0x09, 0x09, 0x09, 0x2d, 0x33, 0x3a, 0x33, 0x30, 0x09, 0x43, 0x61,
0x6e, 0x61, 0x64, 0x61, 0x09, 0x4e, 0x25, 0x73, 0x54, 0x09, 0x31, 0x39, 0x34, 0x36, 0x0a, 0x09,
0x09, 0x09, 0x2d, 0x33, 0x3a, 0x33, 0x30, 0x09, 0x53, 0x74, 0x4a, 0x6f, 0x68, 0x6e, 0x73, 0x09,
0x4e, 0x25, 0x73, 0x54, 0x09, 0x31, 0x39, 0x36, 0x36, 0x20, 0x4d, 0x61, 0x72, 0x20, 0x31, 0x35,
0x20, 0x20, 0x32, 0x3a, 0x30, 0x30, 0x0a, 0x09, 0x09, 0x09, 0x2d, 0x34, 0x3a, 0x30, 0x30, 0x09,
0x53, 0x74, 0x4a, 0x6f, 0x68, 0x6e, 0x73, 0x09, 0x41, 0x25, 0x73, 0x54, 0x09, 0x32, 0x30, 0x31,
0x31, 0x20, 0x4e, 0x6f, 0x76, 0x0a, 0x09, 0x09, 0x09, 0x2d, 0x34, 0x3a, 0x30, 0x30, 0x09, 0x43,
0x61, 0x6e, 0x61, 0x64, 0x61, 0x09, 0x41, 0x25, 0x73, 0x54, 0x0a, 0x52, 0x75, 0x6c, 0x65, 0x09,
0x48, 0x61, 0x6c, 0x69, 0x66, 0x61, 0x78, 0x09, 0x31, 0x39, 0x31, 0x36, 0x09, 0x6f, 0x6e, 0x6c,
0x79, 0x09, 0x2d, 0x09, 0x41, 0x70, 0x72, 0x09, 0x20, 0x31, 0x09, 0x30, 0x3a, 0x30, 0x30, 0x09,
0x31, 0x3a, 0x30, 0x30, 0x09, 0x44, 0x0a, 0x52, 0x75, 0x6c, 0x65, 0x09, 0x48, 0x61, 0x6c, 0x69,
0x66, 0x61, 0x78, 0x09, 0x31, 0x39, 0x31, 0x36, 0x09, 0x6f, 0x6e, 0x6c, 0x79, 0x09, 0x2d, 0x09,
0x4f, 0x63, 0x74, 0x09, 0x20, 0x31, 0x09, 0x30, 0x3a, 0x30, 0x30, 0x09, 0x30, 0x09, 0x53, 0x0a,
0x52, 0x75, 0x6c, 0x65, 0x09, 0x48, 0x61, 0x6c, 0x69, 0x66, 0x61, 0x78, 0x09, 0x31, 0x39, 0x32,
0x30, 0x09, 0x6f, 0x6e, 0x6c, 0x79, 0x09, 0x2d, 0x09, 0x4d, 0x61, 0x79, 0x09, 0x20, 0x39, 0x09,
0x30, 0x3a, 0x30, 0x30, 0x09, 0x31, 0x3a, 0x30, 0x30, 0x09, 0x44, 0x0a, 0x52, 0x75, 0x6c, 0x65,
0x09, 0x48, 0x61, 0x6c, 0x69, 0x66, 0x61, 0x78, 0x09, 0x31, 0x39, 0x32, 0x30, 0x09, 0x6f, 0x6e,
0x6c, 0x79, 0x09, 0x2d, 0x09, 0x41, 0x75, 0x67, 0x09, 0x32, 0x39, 0x09, 0x30, 0x3a, 0x30, 0x30,
0x09, 0x30, 0x09, 0x53, 0x0a, 0x52, 0x75, 0x6c, 0x65, 0x09, 0x48, 0x61, 0x6c, 0x69, 0x66, 0x61,
0x78, 0x09, 0x31, 0x39, 0x32, 0x31, 0x09, 0x6f, 0x6e, 0x6c, 0x79, 0x09, 0x2d, 0x09, 0x4d, 0x61,
0x79, 0x09, 0x20, 0x36, 0x09, 0x30, 0x3a, 0x30, 0x30, 0x09, 0x31, 0x3a, 0x30, 0x30, 0x09, 0x44,
0x0a, 0x52, 0x75, 0x6c, 0x65, 0x09, 0x48, 0x61, 0x6c, 0x69, 0x66, 0x61, 0x78, 0x09, 0x31, 0x39,
0x32, 0x31, 0x09, 0x31, 0x39, 0x32, 0x32, 0x09, 0x2d, 0x09, 0x53, 0x65, 0x70, 0x09, 0x20, 0x35,
0x09, 0x30, 0x3a, 0x30, 0x30, 0x09, 0x30, 0x09, 0x53, 0x0a, 0x52, 0x75, 0x6c, 0x65, 0x09, 0x48,
0x61, 0x6c, 0x69, 0x66, 0x61, 0x78, 0x09, 0x31, 0x39, 0x32, 0x32, 0x09, 0x6f, 0x6e, 0x6c, 0x79,
0x09, 0x2d, 0x09, 0x41, 0x70, 0x72, 0x09, 0x33, 0x30, 0x09, 0x30, 0x3a, 0x30, 0x30, 0x09, 0x31,
0x3a, 0x30, 0x30, 0x09, 0x44, 0x0a, 0x52, 0x75, 0x6c, 0x65, 0x09, 0x48, 0x61, 0x6c, 0x69, 0x66,
0x61, 0x78, 0x09, 0x31, 0x39, 0x32, 0x33, 0x09, 0x31, 0x39, 0x32, 0x35, 0x09, 0x2d, 0x09, 0x4d,
0x61, 0x79, 0x09, 0x53, 0x75, 0x6e, 0x3e, 0x3d, 0x31, 0x09, 0x30, 0x3a, 0x30, 0x30, 0x09, 0x31,
0x3a, 0x30, 0x30, 0x09, 0x44, 0x0a, 0x52, 0x75, 0x6c, 0x65, 0x09, 0x48, 0x61, 0x6c, 0x69, 0x66,
0x61, 0x78, 0x09, 0x31, 0x39, 0x32, 0x33, 0x09, 0x6f, 0x6e, 0x6c, 0x79, 0x09, 0x2d, 0x09, 0x53,
0x65, 0x70, 0x09, 0x20, 0x34, 0x09, 0x30, 0x3a, 0x30, 0x30, 0x09, 0x30, 0x09, 0x53, 0x0a, 0x52,
0x75, 0x6c, 0x65, 0x09, 0x48, 0x61, 0x6c, 0x69, 0x66, 0x61, 0x78, 0x09, 0x31, 0x39, 0x32, 0x34,
0x09, 0x6f, 0x6e, 0x6c, 0x79, 0x09, 0x2d, 0x09, 0x53, 0x65, 0x70, 0x09, 0x31, 0x35, 0x09, 0x30,
0x3a, 0x30, 0x30, 0x09, 0x30, 0x09, 0x53, 0x0a, 0x52, 0x75, 0x6c, 0x65, 0x09, 0x48, 0x61, 0x6c,
0x69, 0x66, 0x61, 0x78, 0x09, 0x31, 0x39, 0x32, 0x35, 0x09, 0x6f, 0x6e, 0x6c, 0x79, 0x09, 0x2d,
0x09, 0x53, 0x65, 0x70, 0x09, 0x32, 0x38, 0x09, 0x30, 0x3a, 0x30, 0x30, 0x09, 0x30, 0x09, 0x53,
0x0a, 0x52, 0x75, 0x6c, 0x65, 0x09, 0x48, 0x61, 0x6c, 0x69, 0x66, 0x61, 0x78, 0x09, 0x31, 0x39,
0x32, 0x36, 0x09, 0x6f, 0x6e, 0x6c, 0x79, 0x09, 0x2d, 0x09, 0x4d, 0x61, 0x79, 0x09, 0x31, 0x36,
0x09, 0x30, 0x3a, 0x30, 0x30, 0x09, 0x31, 0x3a, 0x30, 0x30, 0x09, 0x44, 0x0a, 0x52, 0x75, 0x6c,
0x65, 0x09, 0x48, 0x61, 0x6c, 0x69, 0x66, 0x61, 0x78, 0x09, 0x31, 0x39, 0x32, 0x36, 0x09, 0x6f,
0x6e, 0x6c, 0x79, 0x09, 0x2d, 0x09, 0x53, 0x65, 0x70, 0x09, 0x31, 0x33, 0x09, 0x30, 0x3a, 0x30,
0x30, 0x09, 0x30, 0x09, 0x53, 0x0a, 0x52, 0x75, 0x6c, 0x65, 0x09, 0x48, 0x61, 0x6c, 0x69, 0x66,
0x61, 0x78, 0x09, 0x31, 0x39, 0x32, 0x37, 0x09, 0x6f, 0x6e, 0x6c, 0x79, 0x09, 0x2d, 0x09, 0x4d,
0x61, 0x79, 0x09, 0x20, 0x31, 0x09, 0x30, 0x3a, 0x30, 0x30, 0x09, 0x31, 0x3a, 0x30, 0x30, 0x09,
0x44, 0x0a, 0x52, 0x75, 0x6c, 0x65, 0x09, 0x48, 0x61, 0x6c, 0x69, 0x66, 0x61, 0x78, 0x09, 0x31,
0x39, 0x32, 0x37, 0x09, 0x6f, 0x6e, 0x6c, 0x79, 0x09, 0x2d, 0x09, 0x53, 0x65, 0x70, 0x09, 0x32,
0x36, 0x09, 0x30, 0x3a, 0x30, 0x30, 0x09, 0x30, 0x09, 0x53, 0x0a, 0x52, 0x75, 0x6c, 0x65, 0x09,
0x48, 0x61, 0x6c, 0x69, 0x66, 0x61, 0x78, 0x09, 0x31, 0x39, 0x32, 0x38, 0x09, 0x31, 0x39, 0x33,
0x31, 0x09, 0x2d, 0x09, 0x4d, 0x61, 0x79, 0x09, 0x53, 0x75, 0x6e, 0x3e, 0x3d, 0x38, 0x09, 0x30,
0x3a, 0x30, 0x30, 0x09, 0x31, 0x3a, 0x30, 0x30, 0x09, 0x44, 0x0a, 0x52, 0x75, 0x6c, 0x65, 0x09,
0x48, 0x61, 0x6c, 0x69, 0x66, 0x61, 0x78, 0x09, 0x31, 0x39, 0x32, 0x38, 0x09, 0x6f, 0x6e, 0x6c,
0x79, 0x09, 0x2d, 0x09, 0x53, 0x65, 0x70, 0x09, 0x20, 0x39, 0x09, 0x30, 0x3a, 0x30, 0x30, 0x09,
0x30, 0x09, 0x53, 0x0a, 0x52, 0x75, 0x6c, 0x65, 0x09, 0x48, 0x61, 0x6c, 0x69, 0x66, 0x61, 0x78,
0x09, 0x31, 0x39, 0x32, 0x39, 0x09, 0x6f, 0x6e, 0x6c, 0x79, 0x09, 0x2d, 0x09, 0x53, 0x65, 0x70,
0x09, 0x20, 0x33, 0x09, 0x30, 0x3a, 0x30, 0x30, 0x09, 0x30, 0x09, 0x53, 0x0a, 0x52, 0x75, 0x6c,
0x65, 0x09, 0x48, 0x61, 0x6c, 0x69, 0x66, 0x61, 0x78, 0x09, 0x31, 0x39, 0x33, 0x30, 0x09, 0x6f,
0x6e, 0x6c, 0x79, 0x09, 0x2d, 0x09, 0x53, 0x65, 0x70, 0x09, 0x31, 0x35, 0x09, 0x30, 0x3a, 0x30,
0x30, 0x09, 0x30, 0x09, 0x53, 0x0a, 0x52, 0x75, 0x6c, 0x65, 0x09, 0x48, 0x61, 0x6c, 0x69, 0x66,
0x61, 0x78, 0x09, 0x31, 0x39, 0x33, 0x31, 0x09, 0x31, 0x39, 0x33, 0x32, 0x09, 0x2d, 0x09, 0x53,
0x65, 0x70, 0x09, 0x4d, 0x6f, 0x6e, 0x3e, 0x3d, 0x32, 0x34, 0x09, 0x30, 0x3a, 0x30, 0x30, 0x09,
0x30, 0x09, 0x53, 0x0a, 0x52, 0x75, 0x6c, 0x65, 0x09, 0x48, 0x61, 0x6c, 0x69, 0x66, 0x61, 0x78,
0x09, 0x31, 0x39, 0x33, 0x32, 0x09, 0x6f, 0x6e, 0x6c, 0x79, 0x09, 0x2d, 0x09, 0x4d, 0x61, 0x79,
0x09, 0x20, 0x31, 0x09, 0x30, 0x3a, 0x30, 0x30, 0x09, 0x31, 0x3a, 0x30, 0x30, 0x09, 0x44, 0x0a,
0x52, 0x75, 0x6c, 0x65, 0x09, 0x48, 0x61, 0x6c, 0x69, 0x66, 0x61, 0x78, 0x09, 0x31, 0x39, 0x33,
0x33, 0x09, 0x6f, 0x6e, 0x6c, 0x79, 0x09, 0x2d, 0x09, 0x41, 0x70, 0x72, 0x09, 0x33, 0x30, 0x09,
0x30, 0x3a, 0x30, 0x30, 0x09, 0x31, 0x3a, 0x30, 0x30, 0x09, 0x44, 0x0a, 0x52, 0x75, 0x6c, 0x65,
0x09, 0x48, 0x61, 0x6c, 0x69, 0x66, 0x61, 0x78, 0x09, 0x31, 0x39, 0x33, 0x33, 0x09, 0x6f, 0x6e,
0x6c, 0x79, 0x09, 0x2d, 0x09, 0x4f, 0x63, 0x74, 0x09, 0x20, 0x32, 0x09, 0x30, 0x3a, 0x30, 0x30,
0x09, 0x30, 0x09, 0x53, 0x0a, 0x52, 0x75, 0x6c, 0x65, 0x09, 0x48, 0x61, 0x6c, 0x69, 0x66, 0x61,
0x78, 0x09, 0x31, 0x39, 0x33, 0x34, 0x09, 0x6f, 0x6e, 0x6c, 0x79, 0x09, 0x2d, 0x09, 0x4d, 0x61,
0x79, 0x09, 0x32, 0x30, 0x09, 0x30, 0x3a, 0x30, 0x30, 0x09, 0x31, 0x3a, 0x30, 0x30, 0x09, 0x44,
0x0a, 0x52, 0x75, 0x6c, 0x65, 0x09, 0x48, 0x61, 0x6c, 0x69, 0x66, 0x61, 0x78, 0x09, 0x31, 0x39,
0x33, 0x34, 0x09, 0x6f, 0x6e, 0x6c, 0x79, 0x09, 0x2d, 0x09, 0x53, 0x65, 0x70, 0x09, 0x31, 0x36,
0x09, 0x30, 0x3a, 0x30, 0x30, 0x09, 0x30, 0x09, 0x53, 0x0a, 0x52, 0x75, 0x6c, 0x65, 0x09, 0x48,
0x61, 0x6c, 0x69, 0x66, 0x61, 0x78, 0x09, 0x31, 0x39, 0x33, 0x35, 0x09, 0x6f, 0x6e, 0x6c, 0x79,
0x09, 0x2d, 0x09, 0x4a, 0x75, 0x6e, 0x09, 0x20, 0x32, 0x09, 0x30, 0x3a, 0x30, 0x30, 0x09, 0x31,
0x3a, 0x30, 0x30, 0x09, 0x44, 0x0a, 0x52, 0x75, 0x6c, 0x65, 0x09, 0x48, 0x61, 0x6c, 0x69, 0x66,
0x61, 0x78, 0x09, 0x31, 0x39, 0x33, 0x35, 0x09, 0x6f, 0x6e, 0x6c, 0x79, 0x09, 0x2d, 0x09, 0x53,
0x65, 0x70, 0x09, 0x33, 0x30, 0x09, 0x30, 0x3a, 0x30, 0x30, 0x09, 0x30, 0x09, 0x53, 0x0a, 0x52,
0x75, 0x6c, 0x65, 0x09, 0x48, 0x61, 0x6c, 0x69, 0x66, 0x61, 0x78, 0x09, 0x31, 0x39, 0x33, 0x36,
0x09, 0x6f, 0x6e, 0x6c, 0x79, 0x09, 0x2d, 0x09, 0x4a, 0x75, 0x6e, 0x09, 0x20, 0x31, 0x09, 0x30,
0x3a, 0x30, 0x30, 0x09, 0x31, 0x3a, 0x30, 0x30, 0x09, 0x44, 0x0a, 0x52, 0x75, 0x6c, 0x65, 0x09,
0x48, 0x61, 0x6c, 0x69, 0x66, 0x61, 0x78, 0x09, 0x31, 0x39, 0x33, 0x36, 0x09, 0x6f, 0x6e, 0x6c,
0x79, 0x09, 0x2d, 0x09, 0x53, 0x65, 0x70, 0x09, 0x31, 0x34, 0x09, 0x30, 0x3a, 0x30, 0x30, 0x09,
0x30, 0x09, 0x53, 0x0a, 0x52, 0x75, 0x6c, 0x65, 0x09, 0x48, 0x61, 0x6c, 0x69, 0x66, 0x61, 0x78,
0x09, 0x31, 0x39, 0x33, 0x37, 0x09, 0x31, 0x39, 0x33, 0x38, 0x09, 0x2d, 0x09, 0x4d, 0x61, 0x79,
0x09, 0x53, 0x75, 0x6e, 0x3e, 0x3d, 0x31, 0x09, 0x30, 0x3a, 0x30, 0x30, 0x09, 0x31, 0x3a, 0x30,
0x30, 0x09, 0x44, 0x0a, 0x52, 0x75, 0x6c, 0x65, 0x09, 0x48, 0x61, 0x6c, 0x69, 0x66, 0x61, 0x78,
0x09, 0x31, 0x39, 0x33, 0x37, 0x09, 0x31, 0x39, 0x34, 0x31, 0x09, 0x2d, 0x09, 0x53, 0x65, 0x70,
0x09, 0x4d, 0x6f, 0x6e, 0x3e, 0x3d, 0x32, 0x34, 0x09, 0x30, 0x3a, 0x30, 0x30, 0x09, 0x30, 0x09,
0x53, 0x0a, 0x52, 0x75, 0x6c, 0x65, 0x09, 0x48, 0x61, 0x6c, 0x69, 0x66, 0x61, 0x78, 0x09, 0x31,
0x39, 0x33, 0x39, 0x09, 0x6f, 0x6e, 0x6c, 0x79, 0x09, 0x2d, 0x09, 0x4d, 0x61, 0x79, 0x09, 0x32,
0x38, 0x09, 0x30, 0x3a, 0x30, 0x30, 0x09, 0x31, 0x3a, 0x30, 0x30, 0x09, 0x44, 0x0a, 0x52, 0x75,
0x6c, 0x65, 0x09, 0x48, 0x61, 0x6c, 0x69, 0x66, 0x61, 0x78, 0x09, 0x31, 0x39, 0x34, 0x30, 0x09,
0x31, 0x39, 0x34, 0x31, 0x09, 0x2d, 0x09, 0x4d, 0x61, 0x79, 0x09, 0x53, 0x75, 0x6e, 0x3e, 0x3d,
0x31, 0x09, 0x30, 0x3a, 0x30, 0x30, 0x09, 0x31, 0x3a, 0x30, 0x30, 0x09, 0x44, 0x0a, 0x52, 0x75,
0x6c, 0x65, 0x09, 0x48, 0x61, 0x6c, 0x69, 0x66, 0x61, 0x78, 0x09, 0x31, 0x39, 0x34, 0x36, 0x09,
0x31, 0x39, 0x34, 0x39, 0x09, 0x2d, 0x09, 0x41, 0x70, 0x72, 0x09, 0x6c, 0x61, 0x73, 0x74, 0x53,
0x75, 0x6e, 0x09, 0x32, 0x3a, 0x30, 0x30, 0x09, 0x31, 0x3a, 0x30, 0x30, 0x09, 0x44, 0x0a, 0x52,
0x75, 0x6c, 0x65, 0x09, 0x48, 0x61, 0x6c, 0x69, 0x66, 0x61, 0x78, 0x09, 0x31, 0x39, 0x34, 0x36,
0x09, 0x31, 0x39, 0x34, 0x39, 0x09, 0x2d, 0x09, 0x53, 0x65, 0x70, 0x09, 0x6c, 0x61, 0x73, 0x74,
0x53, 0x75, 0x6e, 0x09, 0x32, 0x3a, 0x30, 0x30, 0x09, 0x30, 0x09, 0x53, 0x0a, 0x52, 0x75, 0x6c,
0x65, 0x09, 0x48, 0x61, 0x6c, 0x69, 0x66, 0x61, 0x78, 0x09, 0x31, 0x39, 0x35, 0x31, 0x09, 0x31,
0x39, 0x35, 0x34, 0x09, 0x2d, 0x09, 0x41, 0x70, 0x72, 0x09, 0x6c, 0x61, 0x73, 0x74, 0x53, 0x75,
0x6e, 0x09, 0x32, 0x3a, 0x30, 0x30, 0x09, 0x31, 0x3a, 0x30, 0x30, 0x09, 0x44, 0x0a, 0x52, 0x75,
0x6c, 0x65, 0x09, 0x48, 0x61, 0x6c, 0x69, 0x66, 0x61, 0x78, 0x09, 0x31, 0x39, 0x35, 0x31, 0x09,
0x31, 0x39, 0x35, 0x34, 0x09, 0x2d, 0x09, 0x53, 0x65, 0x70, 0x09, 0x6c, 0x61, 0x73, 0x74, 0x53,
0x75, 0x6e, 0x09, 0x32, 0x3a, 0x30, 0x30, 0x09, 0x30, 0x09, 0x53, 0x0a, 0x52, 0x75, 0x6c, 0x65,
0x09, 0x48, 0x61, 0x6c, 0x69, 0x66, 0x61, 0x78, 0x09, 0x31, 0x39, 0x35, 0x36, 0x09, 0x31, 0x39,
0x35, 0x39, 0x09, 0x2d, 0x09, 0x41, 0x70, 0x72, 0x09, 0x6c, 0x61, 0x73, 0x74, 0x53, 0x75, 0x6e,
0x09, 0x32, 0x3a, 0x30, 0x30, 0x09, 0x31, 0x3a, 0x30, 0x30, 0x09, 0x44, 0x0a, 0x52, 0x75, 0x6c,
0x65, 0x09, 0x48, 0x61, 0x6c, 0x69, 0x66, 0x61, 0x78, 0x09, 0x31, 0x39, 0x35, 0x36, 0x09, 0x31,
0x39, 0x35, 0x39, 0x09, 0x2d, 0x09, 0x53, 0x65, 0x70, 0x09, 0x6c, 0x61, 0x73, 0x74, 0x53, 0x75,
0x6e, 0x09, 0x32, 0x3a, 0x30, 0x30, 0x09, 0x30, 0x09, 0x53, 0x0a, 0x52, 0x75, 0x6c, 0x65, 0x09,
0x48, 0x61, 0x6c, 0x69, 0x66, 0x61, 0x78, 0x09, 0x31, 0x39, 0x36, 0x32, 0x09, 0x31, 0x39, 0x37,
0x33, 0x09, 0x2d, 0x09, 0x41, 0x70, 0x72, 0x09, 0x6c, 0x61, 0x73, 0x74, 0x53, 0x75, 0x6e, 0x09,
0x32, 0x3a, 0x30, 0x30, 0x09, 0x31, 0x3a, 0x30, 0x30, 0x09, 0x44, 0x0a, 0x52, 0x75, 0x6c, 0x65,
0x09, 0x48, 0x61, 0x6c, 0x69, 0x66, 0x61, 0x78, 0x09, 0x31, 0x39, 0x36, 0x32, 0x09, 0x31, 0x39,
0x37, 0x33, 0x09, 0x2d, 0x09, 0x4f, 0x63, 0x74, 0x09, 0x6c, 0x61, 0x73, 0x74, 0x53, 0x75, 0x6e,
0x09, 0x32, 0x3a, 0x30, 0x30, 0x09, 0x30, 0x09, 0x53, 0x0a, 0x5a, 0x6f, 0x6e, 0x65, 0x20, 0x41,
0x6d, 0x65, 0x72, 0x69, 0x63, 0x61, 0x2f, 0x48, 0x61, 0x6c, 0x69, 0x66, 0x61, 0x78, 0x09, 0x2d,
0x34, 0x3a, 0x31, 0x34, 0x3a, 0x32, 0x34, 0x20, 0x2d, 0x09, 0x4c, 0x4d, 0x54, 0x09, 0x31, 0x39,
0x30, 0x32, 0x20, 0x4a, 0x75, 0x6e, 0x20, 0x31, 0x35, 0x0a, 0x09, 0x09, 0x09, 0x2d, 0x34, 0x3a,
0x30, 0x30, 0x09, 0x48, 0x61, 0x6c, 0x69, 0x66, 0x61, 0x78, 0x09, 0x41, 0x25, 0x73, 0x54, 0x09,
0x31, 0x39, 0x31, 0x38, 0x0a, 0x09, 0x09, 0x09, 0x2d, 0x34, 0x3a, 0x30, 0x30, 0x09, 0x43, 0x61,
0x6e, 0x61, 0x64, 0x61, 0x09, 0x41, 0x25, 0x73, 0x54, 0x09, 0x31, 0x39, 0x31, 0x39, 0x0a, 0x09,
0x09, 0x09, 0x2d, 0x34, 0x3a, 0x30, 0x30, 0x09, 0x48, 0x61, 0x6c, 0x69, 0x66, 0x61, 0x78, 0x09,
0x41, 0x25, 0x73, 0x54, 0x09, 0x31, 0x39, 0x34, 0x32, 0x20, 0x46, 0x65, 0x62, 0x20, 0x20, 0x39,
0x20, 0x20, 0x32, 0x3a, 0x30, 0x30, 0x73, 0x0a, 0x09, 0x09, 0x09, 0x2d, 0x34, 0x3a, 0x30, 0x30,
0x09, 0x43, 0x61, 0x6e, 0x61, 0x64, 0x61, 0x09, 0x41, 0x25, 0x73, 0x54, 0x09, 0x31, 0x39, 0x34,
0x36, 0x0a, 0x09, 0x09, 0x09, 0x2d, 0x34, 0x3a, 0x30, 0x30, 0x09, 0x48, 0x61, 0x6c, 0x69, 0x66,
0x61, 0x78, 0x09, 0x41, 0x25, 0x73, 0x54, 0x09, 0x31, 0x39, 0x37, 0x34, 0x0a, 0x09, 0x09, 0x09,
0x2d, 0x34, 0x3a, 0x30, 0x30, 0x09, 0x43, 0x61, 0x6e, 0x61, 0x64, 0x61, 0x09, 0x41, 0x25, 0x73,
0x54, 0x0a, 0x5a, 0x6f, 0x6e, 0x65, 0x20, 0x41, 0x6d, 0x65, 0x72, 0x69, 0x63, 0x61, 0x2f, 0x47,
0x6c, 0x61, 0x63, 0x65, 0x5f, 0x42, 0x61, 0x79, 0x09, 0x2d, 0x33, 0x3a, 0x35, 0x39, 0x3a, 0x34,
0x38, 0x20, 0x2d, 0x09, 0x4c, 0x4d, 0x54, 0x09, 0x31, 0x39, 0x30, 0x32, 0x20, 0x4a, 0x75, 0x6e,
0x20, 0x31, 0x35, 0x0a, 0x09, 0x09, 0x09, 0x2d, 0x34, 0x3a, 0x30, 0x30, 0x09, 0x43, 0x61, 0x6e,
0x61, 0x64, 0x61, 0x09, 0x41, 0x25, 0x73, 0x54, 0x09, 0x31, 0x39, 0x35, 0x33, 0x0a, 0x09, 0x09,
0x09, 0x2d, 0x34, 0x3a, 0x30, 0x30, 0x09, 0x48, 0x61, 0x6c, 0x69, 0x66, 0x61, 0x78, 0x09, 0x41,
0x25, 0x73, 0x54, 0x09, 0x31, 0x39, 0x35, 0x34, 0x0a, 0x09, 0x09, 0x09, 0x2d, 0x34, 0x3a, 0x30,
0x30, 0x09, 0x2d, 0x09, 0x41, 0x53, 0x54, 0x09, 0x31, 0x39, 0x37, 0x32, 0x0a, 0x09, 0x09, 0x09,
0x2d, 0x34, 0x3a, 0x30, 0x30, 0x09, 0x48, 0x61, 0x6c, 0x69, 0x66, 0x61, 0x78, 0x09, 0x41, 0x25,
0x73, 0x54, 0x09, 0x31, 0x39, 0x37, 0x34, 0x0a, 0x09, 0x09, 0x09, 0x2d, 0x34, 0x3a, 0x30, 0x30,
0x09, 0x43, 0x61, 0x6e, 0x61, 0x64, 0x61, 0x09, 0x41, 0x25, 0x73, 0x54, 0x0a, 0x52, 0x75, 0x6c,
0x65, 0x09, 0x4d, 0x6f, 0x6e, 0x63, 0x74, 0x6f, 0x6e, 0x09, 0x31, 0x39, 0x33, 0x33, 0x09, 0x31,
0x39, 0x33, 0x35, 0x09, 0x2d, 0x09, 0x4a, 0x75, 0x6e, 0x09, 0x53, 0x75, 0x6e, 0x3e, 0x3d, 0x38,
0x09, 0x31, 0x3a, 0x30, 0x30, 0x09, 0x31, 0x3a, 0x30, 0x30, 0x09, 0x44, 0x0a, 0x52, 0x75, 0x6c,
0x65, 0x09, 0x4d, 0x6f, 0x6e, 0x63, 0x74, 0x6f, 0x6e, 0x09, 0x31, 0x39, 0x33, 0x33, 0x09, 0x31,
0x39, 0x33, 0x35, 0x09, 0x2d, 0x09, 0x53, 0x65, 0x70, 0x09, 0x53, 0x75, 0x6e, 0x3e, 0x3d, 0x38,
0x09, 0x31, 0x3a, 0x30, 0x30, 0x09, 0x30, 0x09, 0x53, 0x0a, 0x52, 0x75, 0x6c, 0x65, 0x09, 0x4d,
0x6f, 0x6e, 0x63, 0x74, 0x6f, 0x6e, 0x09, 0x31, 0x39, 0x33, 0x36, 0x09, 0x31, 0x39, 0x33, 0x38,
0x09, 0x2d, 0x09, 0x4a, 0x75, 0x6e, 0x09, 0x53, 0x75, 0x6e, 0x3e, 0x3d, 0x31, 0x09, 0x31, 0x3a,
0x30, 0x30, 0x09, 0x31, 0x3a, 0x30, 0x30, 0x09, 0x44, 0x0a, 0x52, 0x75, 0x6c, 0x65, 0x09, 0x4d,
0x6f, 0x6e, 0x63, 0x74, 0x6f, 0x6e, 0x09, 0x31, 0x39, 0x33, 0x36, 0x09, 0x31, 0x39, 0x33, 0x38,
0x09, 0x2d, 0x09, 0x53, 0x65, 0x70, 0x09, 0x53, 0x75, 0x6e, 0x3e, 0x3d, 0x31, 0x09, 0x31, 0x3a,
0x30, 0x30, 0x09, 0x30, 0x09, 0x53, 0x0a, 0x52, 0x75, 0x6c, 0x65, 0x09, 0x4d, 0x6f, 0x6e, 0x63,
0x74, 0x6f, 0x6e, 0x09, 0x31, 0x39, 0x33, 0x39, 0x09, 0x6f, 0x6e, 0x6c, 0x79, 0x09, 0x2d, 0x09,
0x4d, 0x61, 0x79, 0x09, 0x32, 0x37, 0x09, 0x31, 0x3a, 0x30, 0x30, 0x09, 0x31, 0x3a, 0x30, 0x30,
0x09, 0x44, 0x0a, 0x52, 0x75, 0x6c, 0x65, 0x09, 0x4d, 0x6f, 0x6e, 0x63, 0x74, 0x6f, 0x6e, 0x09,
0x31, 0x39, 0x33, 0x39, 0x09, 0x31, 0x39, 0x34, 0x31, 0x09, 0x2d, 0x09, 0x53, 0x65, 0x70, 0x09,
0x53, 0x61, 0x74, 0x3e, 0x3d, 0x32, 0x31, 0x09, 0x31, 0x3a, 0x30, 0x30, 0x09, 0x30, 0x09, 0x53,
0x0a, 0x52, 0x75, 0x6c, 0x65, 0x09, 0x4d, 0x6f, 0x6e, 0x63, 0x74, 0x6f, 0x6e, 0x09, 0x31, 0x39,
0x34, 0x30, 0x09, 0x6f, 0x6e, 0x6c, 0x79, 0x09, 0x2d, 0x09, 0x4d, 0x61, 0x79, 0x09, 0x31, 0x39,
0x09, 0x31, 0x3a, 0x30, 0x30, 0x09, 0x31, 0x3a, 0x30, 0x30, 0x09, 0x44, 0x0a, 0x52, 0x75, 0x6c,
0x65, 0x09, 0x4d, 0x6f, 0x6e, 0x63, 0x74, 0x6f, 0x6e, 0x09, 0x31, 0x39, 0x34, 0x31, 0x09, 0x6f,
0x6e, 0x6c, 0x79, 0x09, 0x2d, 0x09, 0x4d, 0x61, 0x79, 0x09, 0x20, 0x34, 0x09, 0x31, 0x3a, 0x30,
0x30, 0x09, 0x31, 0x3a, 0x30, 0x30, 0x09, 0x44, 0x0a, 0x52, 0x75, 0x6c, 0x65, 0x09, 0x4d, 0x6f,
0x6e, 0x63, 0x74, 0x6f, 0x6e, 0x09, 0x31, 0x39, 0x34, 0x36, 0x09, 0x31, 0x39, 0x37, 0x32, 0x09,
0x2d, 0x09, 0x41, 0x70, 0x72, 0x09, 0x6c, 0x61, 0x73, 0x74, 0x53, 0x75, 0x6e, 0x09, 0x32, 0x3a,
0x30, 0x30, 0x09, 0x31, 0x3a, 0x30, 0x30, 0x09, 0x44, 0x0a, 0x52, 0x75, 0x6c, 0x65, 0x09, 0x4d,
0x6f, 0x6e, 0x63, 0x74, 0x6f, 0x6e, 0x09, 0x31, 0x39, 0x34, 0x36, 0x09, 0x31, 0x39, 0x35, 0x36,
0x09, 0x2d, 0x09, 0x53, 0x65, 0x70, 0x09, 0x6c, 0x61, 0x73, 0x74, 0x53, 0x75, 0x6e, 0x09, 0x32,
0x3a, 0x30, 0x30, 0x09, 0x30, 0x09, 0x53, 0x0a, 0x52, 0x75, 0x6c, 0x65, 0x09, 0x4d, 0x6f, 0x6e,
0x63, 0x74, 0x6f, 0x6e, 0x09, 0x31, 0x39, 0x35, 0x37, 0x09, 0x31, 0x39, 0x37, 0x32, 0x09, 0x2d,
0x09, 0x4f, 0x63, 0x74, 0x09, 0x6c, 0x61, 0x73, 0x74, 0x53, 0x75, 0x6e, 0x09, 0x32, 0x3a, 0x30,
0x30, 0x09, 0x30, 0x09, 0x53, 0x0a, 0x52, 0x75, 0x6c, 0x65, 0x09, 0x4d, 0x6f, 0x6e, 0x63, 0x74,
0x6f, 0x6e, 0x09, 0x31, 0x39, 0x39, 0x33, 0x09, 0x32, 0x30, 0x30, 0x36, 0x09, 0x2d, 0x09, 0x41,
0x70, 0x72, 0x09, 0x53, 0x75, 0x6e, 0x3e, 0x3d, 0x31, 0x09, 0x30, 0x3a, 0x30, 0x31, 0x09, 0x31,
0x3a, 0x30, 0x30, 0x09, 0x44, 0x0a, 0x52, 0x75, 0x6c, 0x65, 0x09, 0x4d, 0x6f, 0x6e, 0x63, 0x74,
0x6f, 0x6e, 0x09, 0x31, 0x39, 0x39, 0x33, 0x09, 0x32, 0x30, 0x30, 0x36, 0x09, 0x2d, 0x09, 0x4f,
0x63, 0x74, 0x09, 0x6c, 0x61, 0x73, 0x74, 0x53, 0x75, 0x6e, 0x09, 0x30, 0x3a, 0x30, 0x31, 0x09,
0x30, 0x09, 0x53, 0x0a, 0x5a, 0x6f, 0x6e, 0x65, 0x20, 0x41, 0x6d, 0x65, 0x72, 0x69, 0x63, 0x61,
0x2f, 0x4d, 0x6f, 0x6e, 0x63, 0x74, 0x6f, 0x6e, 0x09, 0x2d, 0x34, 0x3a, 0x31, 0x39, 0x3a, 0x30,
0x38, 0x20, 0x2d, 0x09, 0x4c, 0x4d, 0x54, 0x09, 0x31, 0x38, 0x38, 0x33, 0x20, 0x44, 0x65, 0x63,
0x20, 0x20, 0x39, 0x0a, 0x09, 0x09, 0x09, 0x2d, 0x35, 0x3a, 0x30, 0x30, 0x09, 0x2d, 0x09, 0x45,
0x53, 0x54, 0x09, 0x31, 0x39, 0x30, 0x32, 0x20, 0x4a, 0x75, 0x6e, 0x20, 0x31, 0x35, 0x0a, 0x09,
0x09, 0x09, 0x2d, 0x34, 0x3a, 0x30, 0x30, 0x09, 0x43, 0x61, 0x6e, 0x61, 0x64, 0x61, 0x09, 0x41,
0x25, 0x73, 0x54, 0x09, 0x31, 0x39, 0x33, 0x33, 0x0a, 0x09, 0x09, 0x09, 0x2d, 0x34, 0x3a, 0x30,
0x30, 0x09, 0x4d, 0x6f, 0x6e, 0x63, 0x74, 0x6f, 0x6e, 0x09, 0x41, 0x25, 0x73, 0x54, 0x09, 0x31,
0x39, 0x34, 0x32, 0x0a, 0x09, 0x09, 0x09, 0x2d, 0x34, 0x3a, 0x30, 0x30, 0x09, 0x43, 0x61, 0x6e,
0x61, 0x64, 0x61, 0x09, 0x41, 0x25, 0x73, 0x54, 0x09, 0x31, 0x39, 0x34, 0x36, 0x0a, 0x09, 0x09,
0x09, 0x2d, 0x34, 0x3a, 0x30, 0x30, 0x09, 0x4d, 0x6f, 0x6e, 0x63, 0x74, 0x6f, 0x6e, 0x09, 0x41,
0x25, 0x73, 0x54, 0x09, 0x31, 0x39, 0x37, 0x33, 0x0a, 0x09, 0x09, 0x09, 0x2d, 0x34, 0x3a, 0x30,
0x30, 0x09, 0x43, 0x61, 0x6e, 0x61, 0x64, 0x61, 0x09, 0x41, 0x25, 0x73, 0x54, 0x09, 0x31, 0x39,
0x39, 0x33, 0x0a, 0x09, 0x09, 0x09, 0x2d, 0x34, 0x3a, 0x30, 0x30, 0x09, 0x4d, 0x6f, 0x6e, 0x63,
0x74, 0x6f, 0x6e, 0x09, 0x41, 0x25, 0x73, 0x54, 0x09, 0x32, 0x30, 0x30, 0x37, 0x0a, 0x09, 0x09,
0x09, 0x2d, 0x34, 0x3a, 0x30, 0x30, 0x09, 0x43, 0x61, 0x6e, 0x61, 0x64, 0x61, 0x09, 0x41, 0x25,
0x73, 0x54, 0x0a, 0x52, 0x75, 0x6c, 0x65, 0x09, 0x54, 0x6f, 0x72, 0x6f, 0x6e, 0x74, 0x6f, 0x09,
0x31, 0x39, 0x31, 0x39, 0x09, 0x6f, 0x6e, 0x6c, 0x79, 0x09, 0x2d, 0x09, 0x4d, 0x61, 0x72, 0x09,
0x33, 0x30, 0x09, 0x32, 0x33, 0x3a, 0x33, 0x30, 0x09, 0x31, 0x3a, 0x30, 0x30, 0x09, 0x44, 0x0a,
0x52, 0x75, 0x6c, 0x65, 0x09, 0x54, 0x6f, 0x72, 0x6f, 0x6e, 0x74, 0x6f, 0x09, 0x31, 0x39, 0x31,
0x39, 0x09, 0x6f, 0x6e, 0x6c, 0x79, 0x09, 0x2d, 0x09, 0x4f, 0x63, 0x74, 0x09, 0x32, 0x36, 0x09,
0x30, 0x3a, 0x30, 0x30, 0x09, 0x30, 0x09, 0x53, 0x0a, 0x52, 0x75, 0x6c, 0x65, 0x09, 0x54, 0x6f,
0x72, 0x6f, 0x6e, 0x74, 0x6f, 0x09, 0x31, 0x39, 0x32, 0x30, 0x09, 0x6f, 0x6e, 0x6c, 0x79, 0x09,
0x2d, 0x09, 0x4d, 0x61, 0x79, 0x09, 0x20, 0x32, 0x09, 0x32, 0x3a, 0x30, 0x30, 0x09, 0x31, 0x3a,
0x30, 0x30, 0x09, 0x44, 0x0a, 0x52, 0x75, 0x6c, 0x65, 0x09, 0x54, 0x6f, 0x72, 0x6f, 0x6e, 0x74,
0x6f, 0x09, 0x31, 0x39, 0x32, 0x30, 0x09, 0x6f, 0x6e, 0x6c, 0x79, 0x09, 0x2d, 0x09, 0x53, 0x65,
0x70, 0x09, 0x32, 0x36, 0x09, 0x30, 0x3a, 0x30, 0x30, 0x09, 0x30, 0x09, 0x53, 0x0a, 0x52, 0x75,
0x6c, 0x65, 0x09, 0x54, 0x6f, 0x72, 0x6f, 0x6e, 0x74, 0x6f, 0x09, 0x31, 0x39, 0x32, 0x31, 0x09,
0x6f, 0x6e, 0x6c, 0x79, 0x09, 0x2d, 0x09, 0x4d, 0x61, 0x79, 0x09, 0x31, 0x35, 0x09, 0x32, 0x3a,
0x30, 0x30, 0x09, 0x31, 0x3a, 0x30, 0x30, 0x09, 0x44, 0x0a, 0x52, 0x75, 0x6c, 0x65, 0x09, 0x54,
0x6f, 0x72, 0x6f, 0x6e, 0x74, 0x6f, 0x09, 0x31, 0x39, 0x32, 0x31, 0x09, 0x6f, 0x6e, 0x6c, 0x79,
0x09, 0x2d, 0x09, 0x53, 0x65, 0x70, 0x09, 0x31, 0x35, 0x09, 0x32, 0x3a, 0x30, 0x30, 0x09, 0x30,
0x09, 0x53, 0x0a, 0x52, 0x75, 0x6c, 0x65, 0x09, 0x54, 0x6f, 0x72, 0x6f, 0x6e, 0x74, 0x6f, 0x09,
0x31, 0x39, 0x32, 0x32, 0x09, 0x31, 0x39, 0x32, 0x33, 0x09, 0x2d, 0x09, 0x4d, 0x61, 0x79, 0x09,
0x53, 0x75, 0x6e, 0x3e, 0x3d, 0x38, 0x09, 0x32, 0x3a, 0x30, 0x30, 0x09, 0x31, 0x3a, 0x30, 0x30,
0x09, 0x44, 0x0a, 0x52, 0x75, 0x6c, 0x65, 0x09, 0x54, 0x6f, 0x72, 0x6f, 0x6e, 0x74, 0x6f, 0x09,
0x31, 0x39, 0x32, 0x32, 0x09, 0x31, 0x39, 0x32, 0x36, 0x09, 0x2d, 0x09, 0x53, 0x65, 0x70, 0x09,
0x53, 0x75, 0x6e, 0x3e, 0x3d, 0x31, 0x35, 0x09, 0x32, 0x3a, 0x30, 0x30, 0x09, 0x30, 0x09, 0x53,
0x0a, 0x52, 0x75, 0x6c, 0x65, 0x09, 0x54, 0x6f, 0x72, 0x6f, 0x6e, 0x74, 0x6f, 0x09, 0x31, 0x39,
0x32, 0x34, 0x09, 0x31, 0x39, 0x32, 0x37, 0x09, 0x2d, 0x09, 0x4d, 0x61, 0x79, 0x09, 0x53, 0x75,
0x6e, 0x3e, 0x3d, 0x31, 0x09, 0x32, 0x3a, 0x30, 0x30, 0x09, 0x31, 0x3a, 0x30, 0x30, 0x09, 0x44,
0x0a, 0x52, 0x75, 0x6c, 0x65, 0x09, 0x54, 0x6f, 0x72, 0x6f, 0x6e, 0x74, 0x6f, 0x09, 0x31, 0x39,
0x32, 0x37, 0x09, 0x31, 0x39, 0x33, 0x37, 0x09, 0x2d, 0x09, 0x53, 0x65, 0x70, 0x09, 0x53, 0x75,
0x6e, 0x3e, 0x3d, 0x32, 0x35, 0x09, 0x32, 0x3a, 0x30, 0x30, 0x09, 0x30, 0x09, 0x53, 0x0a, 0x52,
0x75, 0x6c, 0x65, 0x09, 0x54, 0x6f, 0x72, 0x6f, 0x6e, 0x74, 0x6f, 0x09, 0x31, 0x39, 0x32, 0x38,
0x09, 0x31, 0x39, 0x33, 0x37, 0x09, 0x2d, 0x09, 0x41, 0x70, 0x72, 0x09, 0x53, 0x75, 0x6e, 0x3e,
0x3d, 0x32, 0x35, 0x09, 0x32, 0x3a, 0x30, 0x30, 0x09, 0x31, 0x3a, 0x30, 0x30, 0x09, 0x44, 0x0a,
0x52, 0x75, 0x6c, 0x65, 0x09, 0x54, 0x6f, 0x72, 0x6f, 0x6e, 0x74, 0x6f, 0x09, 0x31, 0x39, 0x33,
0x38, 0x09, 0x31, 0x39, 0x34, 0x30, 0x09, 0x2d, 0x09, 0x41, 0x70, 0x72, 0x09, 0x6c, 0x61, 0x73,
0x74, 0x53, 0x75, 0x6e, 0x09, 0x32, 0x3a, 0x30, 0x30, 0x09, 0x31, 0x3a, 0x30, 0x30, 0x09, 0x44,
0x0a, 0x52, 0x75, 0x6c, 0x65, 0x09, 0x54, 0x6f, 0x72, 0x6f, 0x6e, 0x74, 0x6f, 0x09, 0x31, 0x39,
0x33, 0x38, 0x09, 0x31, 0x39, 0x33, 0x39, 0x09, 0x2d, 0x09, 0x53, 0x65, 0x70, 0x09, 0x6c, 0x61,
0x73, 0x74, 0x53, 0x75, 0x6e, 0x09, 0x32, 0x3a, 0x30, 0x30, 0x09, 0x30, 0x09, 0x53, 0x0a, 0x52,
0x75, 0x6c, 0x65, 0x09, 0x54, 0x6f, 0x72, 0x6f, 0x6e, 0x74, 0x6f, 0x09, 0x31, 0x39, 0x34, 0x35,
0x09, 0x31, 0x39, 0x34, 0x38, 0x09, 0x2d, 0x09, 0x53, 0x65, 0x70, 0x09, 0x6c, 0x61, 0x73, 0x74,
0x53, 0x75, 0x6e, 0x09, 0x32, 0x3a, 0x30, 0x30, 0x09, 0x30, 0x09, 0x53, 0x0a, 0x52, 0x75, 0x6c,
0x65, 0x09, 0x54, 0x6f, 0x72, 0x6f, 0x6e, 0x74, 0x6f, 0x09, 0x31, 0x39, 0x34, 0x36, 0x09, 0x31,
0x39, 0x37, 0x33, 0x09, 0x2d, 0x09, 0x41, 0x70, 0x72, 0x09, 0x6c, 0x61, 0x73, 0x74, 0x53, 0x75,
0x6e, 0x09, 0x32, 0x3a, 0x30, 0x30, 0x09, 0x31, 0x3a, 0x30, 0x30, 0x09, 0x44, 0x0a, 0x52, 0x75,
0x6c, 0x65, 0x09, 0x54, 0x6f, 0x72, 0x6f, 0x6e, 0x74, 0x6f, 0x09, 0x31, 0x39, 0x34, 0x39, 0x09,
0x31, 0x39, 0x35, 0x30, 0x09, 0x2d, 0x09, 0x4e, 0x6f, 0x76, 0x09, 0x6c, 0x61, 0x73, 0x74, 0x53,
0x75, 0x6e, 0x09, 0x32, 0x3a, 0x30, 0x30, 0x09, 0x30, 0x09, 0x53, 0x0a, 0x52, 0x75, 0x6c, 0x65,
0x09, 0x54, 0x6f, 0x72, 0x6f, 0x6e, 0x74, 0x6f, 0x09, 0x31, 0x39, 0x35, 0x31, 0x09, 0x31, 0x39,
0x35, 0x36, 0x09, 0x2d, 0x09, 0x53, 0x65, 0x70, 0x09, 0x6c, 0x61, 0x73, 0x74, 0x53, 0x75, 0x6e,
0x09, 0x32, 0x3a, 0x30, 0x30, 0x09, 0x30, 0x09, 0x53, 0x0a, 0x52, 0x75, 0x6c, 0x65, 0x09, 0x54,
0x6f, 0x72, 0x6f, 0x6e, 0x74, 0x6f, 0x09, 0x31, 0x39, 0x35, 0x37, 0x09, 0x31, 0x39, 0x37, 0x33,
0x09, 0x2d, 0x09, 0x4f, 0x63, 0x74, 0x09, 0x6c, 0x61, 0x73, 0x74, 0x53, 0x75, 0x6e, 0x09, 0x32,
0x3a, 0x30, 0x30, 0x09, 0x30, 0x09, 0x53, 0x0a, 0x5a, 0x6f, 0x6e, 0x65, 0x20, 0x41, 0x6d, 0x65,
0x72, 0x69, 0x63, 0x61, 0x2f, 0x54, 0x6f, 0x72, 0x6f, 0x6e, 0x74, 0x6f, 0x09, 0x2d, 0x35, 0x3a,
0x31, 0x37, 0x3a, 0x33, 0x32, 0x20, 0x2d, 0x09, 0x4c, 0x4d, 0x54, 0x09, 0x31, 0x38, 0x39, 0x35,
0x0a, 0x09, 0x09, 0x09, 0x2d, 0x35, 0x3a, 0x30, 0x30, 0x09, 0x43, 0x61, 0x6e, 0x61, 0x64, 0x61,
0x09, 0x45, 0x25, 0x73, 0x54, 0x09, 0x31, 0x39, 0x31, 0x39, 0x0a, 0x09, 0x09, 0x09, 0x2d, 0x35,
0x3a, 0x30, 0x30, 0x09, 0x54, 0x6f, 0x72, 0x6f, 0x6e, 0x74, 0x6f, 0x09, 0x45, 0x25, 0x73, 0x54,
0x09, 0x31, 0x39, 0x34, 0x32, 0x20, 0x46, 0x65, 0x62, 0x20, 0x20, 0x39, 0x20, 0x20, 0x32, 0x3a,
0x30, 0x30, 0x73, 0x0a, 0x09, 0x09, 0x09, 0x2d, 0x35, 0x3a, 0x30, 0x30, 0x09, 0x43, 0x61, 0x6e,
0x61, 0x64, 0x61, 0x09, 0x45, 0x25, 0x73, 0x54, 0x09, 0x31, 0x39, 0x34, 0x36, 0x0a, 0x09, 0x09,
0x09, 0x2d, 0x35, 0x3a, 0x30, 0x30, 0x09, 0x54, 0x6f, 0x72, 0x6f, 0x6e, 0x74, 0x6f, 0x09, 0x45,
0x25, 0x73, 0x54, 0x09, 0x31, 0x39, 0x37, 0x34, 0x0a, 0x09, 0x09, 0x09, 0x2d, 0x35, 0x3a, 0x30,
0x30, 0x09, 0x43, 0x61, 0x6e, 0x61, 0x64, 0x61, 0x09, 0x45, 0x25, 0x73, 0x54, 0x0a, 0x52, 0x75,
0x6c, 0x65, 0x09, 0x57, 0x69, 0x6e, 0x6e, 0x09, 0x31, 0x39, 0x31, 0x36, 0x09, 0x6f, 0x6e, 0x6c,
0x79, 0x09, 0x2d, 0x09, 0x41, 0x70, 0x72, 0x09, 0x32, 0x33, 0x09, 0x30, 0x3a, 0x30, 0x30, 0x09,
0x31, 0x3a, 0x30, 0x30, 0x09, 0x44, 0x0a, 0x52, 0x75, 0x6c, 0x65, 0x09, 0x57, 0x69, 0x6e, 0x6e,
0x09, 0x31, 0x39, 0x31, 0x36, 0x09, 0x6f, 0x6e, 0x6c, 0x79, 0x09, 0x2d, 0x09, 0x53, 0x65, 0x70,
0x09, 0x31, 0x37, 0x09, 0x30, 0x3a, 0x30, 0x30, 0x09, 0x30, 0x09, 0x53, 0x0a, 0x52, 0x75, 0x6c,
0x65, 0x09, 0x57, 0x69, 0x6e, 0x6e, 0x09, 0x31, 0x39, 0x31, 0x38, 0x09, 0x6f, 0x6e, 0x6c, 0x79,
0x09, 0x2d, 0x09, 0x41, 0x70, 0x72, 0x09, 0x31, 0x34, 0x09, 0x32, 0x3a, 0x30, 0x30, 0x09, 0x31,
0x3a, 0x30, 0x30, 0x09, 0x44, 0x0a, 0x52, 0x75, 0x6c, 0x65, 0x09, 0x57, 0x69, 0x6e, 0x6e, 0x09,
0x31, 0x39, 0x31, 0x38, 0x09, 0x6f, 0x6e, 0x6c, 0x79, 0x09, 0x2d, 0x09, 0x4f, 0x63, 0x74, 0x09,
0x32, 0x37, 0x09, 0x32, 0x3a, 0x30, 0x30, 0x09, 0x30, 0x09, 0x53, 0x0a, 0x52, 0x75, 0x6c, 0x65,
0x09, 0x57, 0x69, 0x6e, 0x6e, 0x09, 0x31, 0x39, 0x33, 0x37, 0x09, 0x6f, 0x6e, 0x6c, 0x79, 0x09,
0x2d, 0x09, 0x4d, 0x61, 0x79, 0x09, 0x31, 0x36, 0x09, 0x32, 0x3a, 0x30, 0x30, 0x09, 0x31, 0x3a,
0x30, 0x30, 0x09, 0x44, 0x0a, 0x52, 0x75, 0x6c, 0x65, 0x09, 0x57, 0x69, 0x6e, 0x6e, 0x09, 0x31,
0x39, 0x33, 0x37, 0x09, 0x6f, 0x6e, 0x6c, 0x79, 0x09, 0x2d, 0x09, 0x53, 0x65, 0x70, 0x09, 0x32,
0x36, 0x09, 0x32, 0x3a, 0x30, 0x30, 0x09, 0x30, 0x09, 0x53, 0x0a, 0x52, 0x75, 0x6c, 0x65, 0x09,
0x57, 0x69, 0x6e, 0x6e, 0x09, 0x31, 0x39, 0x34, 0x32, 0x09, 0x6f, 0x6e, 0x6c, 0x79, 0x09, 0x2d,
0x09, 0x46, 0x65, 0x62, 0x09, 0x20, 0x39, 0x09, 0x32, 0x3a, 0x30, 0x30, 0x09, 0x31, 0x3a, 0x30,
0x30, 0x09, 0x57, 0x20, 0x23, 0x20, 0x57, 0x61, 0x72, 0x0a, 0x52, 0x75, 0x6c, 0x65, 0x09, 0x57,
0x69, 0x6e, 0x6e, 0x09, 0x31, 0x39, 0x34, 0x35, 0x09, 0x6f, 0x6e, 0x6c, 0x79, 0x09, 0x2d, 0x09,
0x41, 0x75, 0x67, 0x09, 0x31, 0x34, 0x09, 0x32, 0x33, 0x3a, 0x30, 0x30, 0x75, 0x09, 0x31, 0x3a,
0x30, 0x30, 0x09, 0x50, 0x20, 0x23, 0x20, 0x50, 0x65, 0x61, 0x63, 0x65, 0x0a, 0x52, 0x75, 0x6c,
0x65, 0x09, 0x57, 0x69, 0x6e, 0x6e, 0x09, 0x31, 0x39, 0x34, 0x35, 0x09, 0x6f, 0x6e, 0x6c, 0x79,
0x09, 0x2d, 0x09, 0x53, 0x65, 0x70, 0x09, 0x6c, 0x61, 0x73, 0x74, 0x53, 0x75, 0x6e, 0x09, 0x32,
0x3a, 0x30, 0x30, 0x09, 0x30, 0x09, 0x53, 0x0a, 0x52, 0x75, 0x6c, 0x65, 0x09, 0x57, 0x69, 0x6e,
0x6e, 0x09, 0x31, 0x39, 0x34, 0x36, 0x09, 0x6f, 0x6e, 0x6c, 0x79, 0x09, 0x2d, 0x09, 0x4d, 0x61,
0x79, 0x09, 0x31, 0x32, 0x09, 0x32, 0x3a, 0x30, 0x30, 0x09, 0x31, 0x3a, 0x30, 0x30, 0x09, 0x44,
0x0a, 0x52, 0x75, 0x6c, 0x65, 0x09, 0x57, 0x69, 0x6e, 0x6e, 0x09, 0x31, 0x39, 0x34, 0x36, 0x09,
0x6f, 0x6e, 0x6c, 0x79, 0x09, 0x2d, 0x09, 0x4f, 0x63, 0x74, 0x09, 0x31, 0x33, 0x09, 0x32, 0x3a,
0x30, 0x30, 0x09, 0x30, 0x09, 0x53, 0x0a, 0x52, 0x75, 0x6c, 0x65, 0x09, 0x57, 0x69, 0x6e, 0x6e,
0x09, 0x31, 0x39, 0x34, 0x37, 0x09, 0x31, 0x39, 0x34, 0x39, 0x09, 0x2d, 0x09, 0x41, 0x70, 0x72,
0x09, 0x6c, 0x61, 0x73, 0x74, 0x53, 0x75, 0x6e, 0x09, 0x32, 0x3a, 0x30, 0x30, 0x09, 0x31, 0x3a,
0x30, 0x30, 0x09, 0x44, 0x0a, 0x52, 0x75, 0x6c, 0x65, 0x09, 0x57, 0x69, 0x6e, 0x6e, 0x09, 0x31,
0x39, 0x34, 0x37, 0x09, 0x31, 0x39, 0x34, 0x39, 0x09, 0x2d, 0x09, 0x53, 0x65, 0x70, 0x09, 0x6c,
0x61, 0x73, 0x74, 0x53, 0x75, 0x6e, 0x09, 0x32, 0x3a, 0x30, 0x30, 0x09, 0x30, 0x09, 0x53, 0x0a,
0x52, 0x75, 0x6c, 0x65, 0x09, 0x57, 0x69, 0x6e, 0x6e, 0x09, 0x31, 0x39, 0x35, 0x30, 0x09, 0x6f,
0x6e, 0x6c, 0x79, 0x09, 0x2d, 0x09, 0x4d, 0x61, 0x79, 0x09, 0x20, 0x31, 0x09, 0x32, 0x3a, 0x30,
0x30, 0x09, 0x31, 0x3a, 0x30, 0x30, 0x09, 0x44, 0x0a, 0x52, 0x75, 0x6c, 0x65, 0x09, 0x57, 0x69,
0x6e, 0x6e, 0x09, 0x31, 0x39, 0x35, 0x30, 0x09, 0x6f, 0x6e, 0x6c, 0x79, 0x09, 0x2d, 0x09, 0x53,
0x65, 0x70, 0x09, 0x33, 0x30, 0x09, 0x32, 0x3a, 0x30, 0x30, 0x09, 0x30, 0x09, 0x53, 0x0a, 0x52,
0x75, 0x6c, 0x65, 0x09, 0x57, 0x69, 0x6e, 0x6e, 0x09, 0x31, 0x39, 0x35, 0x31, 0x09, 0x31, 0x39,
0x36, 0x30, 0x09, 0x2d, 0x09, 0x41, 0x70, 0x72, 0x09, 0x6c, 0x61, 0x73, 0x74, 0x53, 0x75, 0x6e,
0x09, 0x32, 0x3a, 0x30, 0x30, 0x09, 0x31, 0x3a, 0x30, 0x30, 0x09, 0x44, 0x0a, 0x52, 0x75, 0x6c,
0x65, 0x09, 0x57, 0x69, 0x6e, 0x6e, 0x09, 0x31, 0x39, 0x35, 0x31, 0x09, 0x31, 0x39, 0x35, 0x38,
0x09, 0x2d, 0x09, 0x53, 0x65, 0x70, 0x09, 0x6c, 0x61, 0x73, 0x74, 0x53, 0x75, 0x6e, 0x09, 0x32,
0x3a, 0x30, 0x30, 0x09, 0x30, 0x09, 0x53, 0x0a, 0x52, 0x75, 0x6c, 0x65, 0x09, 0x57, 0x69, 0x6e,
0x6e, 0x09, 0x31, 0x39, 0x35, 0x39, 0x09, 0x6f, 0x6e, 0x6c, 0x79, 0x09, 0x2d, 0x09, 0x4f, 0x63,
0x74, 0x09, 0x6c, 0x61, 0x73, 0x74, 0x53, 0x75, 0x6e, 0x09, 0x32, 0x3a, 0x30, 0x30, 0x09, 0x30,
0x09, 0x53, 0x0a, 0x52, 0x75, 0x6c, 0x65, 0x09, 0x57, 0x69, 0x6e, 0x6e, 0x09, 0x31, 0x39, 0x36,
0x30, 0x09, 0x6f, 0x6e, 0x6c, 0x79, 0x09, 0x2d, 0x09, 0x53, 0x65, 0x70, 0x09, 0x6c, 0x61, 0x73,
0x74, 0x53, 0x75, 0x6e, 0x09, 0x32, 0x3a, 0x30, 0x30, 0x09, 0x30, 0x09, 0x53, 0x0a, 0x52, 0x75,
0x6c, 0x65, 0x09, 0x57, 0x69, 0x6e, 0x6e, 0x09, 0x31, 0x39, 0x36, 0x33, 0x09, 0x6f, 0x6e, 0x6c,
0x79, 0x09, 0x2d, 0x09, 0x41, 0x70, 0x72, 0x09, 0x6c, 0x61, 0x73, 0x74, 0x53, 0x75, 0x6e, 0x09,
0x32, 0x3a, 0x30, 0x30, 0x09, 0x31, 0x3a, 0x30, 0x30, 0x09, 0x44, 0x0a, 0x52, 0x75, 0x6c, 0x65,
0x09, 0x57, 0x69, 0x6e, 0x6e, 0x09, 0x31, 0x39, 0x36, 0x33, 0x09, 0x6f, 0x6e, 0x6c, 0x79, 0x09,
0x2d, 0x09, 0x53, 0x65, 0x70, 0x09, 0x32, 0x32, 0x09, 0x32, 0x3a, 0x30, 0x30, 0x09, 0x30, 0x09,
0x53, 0x0a, 0x52, 0x75, 0x6c, 0x65, 0x09, 0x57, 0x69, 0x6e, 0x6e, 0x09, 0x31, 0x39, 0x36, 0x36,
0x09, 0x31, 0x39, 0x38, 0x36, 0x09, 0x2d, 0x09, 0x41, 0x70, 0x72, 0x09, 0x6c, 0x61, 0x73, 0x74,
0x53, 0x75, 0x6e, 0x09, 0x32, 0x3a, 0x30, 0x30, 0x73, 0x09, 0x31, 0x3a, 0x30, 0x30, 0x09, 0x44,
0x0a, 0x52, 0x75, 0x6c, 0x65, 0x09, 0x57, 0x69, 0x6e, 0x6e, 0x09, 0x31, 0x39, 0x36, 0x36, 0x09,
0x32, 0x30, 0x30, 0x35, 0x09, 0x2d, 0x09, 0x4f, 0x63, 0x74, 0x09, 0x6c, 0x61, 0x73, 0x74, 0x53,
0x75, 0x6e, 0x09, 0x32, 0x3a, 0x30, 0x30, 0x73, 0x09, 0x30, 0x09, 0x53, 0x0a, 0x52, 0x75, 0x6c,
0x65, 0x09, 0x57, 0x69, 0x6e, 0x6e, 0x09, 0x31, 0x39, 0x38, 0x37, 0x09, 0x32, 0x30, 0x30, 0x35,
0x09, 0x2d, 0x09, 0x41, 0x70, 0x72, 0x09, 0x53, 0x75, 0x6e, 0x3e, 0x3d, 0x31, 0x09, 0x32, 0x3a,
0x30, 0x30, 0x73, 0x09, 0x31, 0x3a, 0x30, 0x30, 0x09, 0x44, 0x0a, 0x5a, 0x6f, 0x6e, 0x65, 0x20,
0x41, 0x6d, 0x65, 0x72, 0x69, 0x63, 0x61, 0x2f, 0x57, 0x69, 0x6e, 0x6e, 0x69, 0x70, 0x65, 0x67,
0x09, 0x2d, 0x36, 0x3a, 0x32, 0x38, 0x3a, 0x33, 0x36, 0x20, 0x2d, 0x09, 0x4c, 0x4d, 0x54, 0x09,
0x31, 0x38, 0x38, 0x37, 0x20, 0x4a, 0x75, 0x6c, 0x20, 0x31, 0x36, 0x0a, 0x09, 0x09, 0x09, 0x2d,
0x36, 0x3a, 0x30, 0x30, 0x09, 0x57, 0x69, 0x6e, 0x6e, 0x09, 0x43, 0x25, 0x73, 0x54, 0x09, 0x32,
0x30, 0x30, 0x36, 0x0a, 0x09, 0x09, 0x09, 0x2d, 0x36, 0x3a, 0x30, 0x30, 0x09, 0x43, 0x61, 0x6e,
0x61, 0x64, 0x61, 0x09, 0x43, 0x25, 0x73, 0x54, 0x0a, 0x52, 0x75, 0x6c, 0x65, 0x09, 0x52, 0x65,
0x67, 0x69, 0x6e, 0x61, 0x09, 0x31, 0x39, 0x31, 0x38, 0x09, 0x6f, 0x6e, 0x6c, 0x79, 0x09, 0x2d,
0x09, 0x41, 0x70, 0x72, 0x09, 0x31, 0x34, 0x09, 0x32, 0x3a, 0x30, 0x30, 0x09, 0x31, 0x3a, 0x30,
0x30, 0x09, 0x44, 0x0a, 0x52, 0x75, 0x6c, 0x65, 0x09, 0x52, 0x65, 0x67, 0x69, 0x6e, 0x61, 0x09,
0x31, 0x39, 0x31, 0x38, 0x09, 0x6f, 0x6e, 0x6c, 0x79, 0x09, 0x2d, 0x09, 0x4f, 0x63, 0x74, 0x09,
0x32, 0x37, 0x09, 0x32, 0x3a, 0x30, 0x30, 0x09, 0x30, 0x09, 0x53, 0x0a, 0x52, 0x75, 0x6c, 0x65,
0x09, 0x52, 0x65, 0x67, 0x69, 0x6e, 0x61, 0x09, 0x31, 0x39, 0x33, 0x30, 0x09, 0x31, 0x39, 0x33,
0x34, 0x09, 0x2d, 0x09, 0x4d, 0x61, 0x79, 0x09, 0x53, 0x75, 0x6e, 0x3e, 0x3d, 0x31, 0x09, 0x30,
0x3a, 0x30, 0x30, 0x09, 0x31, 0x3a, 0x30, 0x30, 0x09, 0x44, 0x0a, 0x52, 0x75, 0x6c, 0x65, 0x09,
0x52, 0x65, 0x67, 0x69, 0x6e, 0x61, 0x09, 0x31, 0x39, 0x33, 0x30, 0x09, 0x31, 0x39, 0x33, 0x34,
0x09, 0x2d, 0x09, 0x4f, 0x63, 0x74, 0x09, 0x53, 0x75, 0x6e, 0x3e, 0x3d, 0x31, 0x09, 0x30, 0x3a,
0x30, 0x30, 0x09, 0x30, 0x09, 0x53, 0x0a, 0x52, 0x75, 0x6c, 0x65, 0x09, 0x52, 0x65, 0x67, 0x69,
0x6e, 0x61, 0x09, 0x31, 0x39, 0x33, 0x37, 0x09, 0x31, 0x39, 0x34, 0x31, 0x09, 0x2d, 0x09, 0x41,
0x70, 0x72, 0x09, 0x53, 0x75, 0x6e, 0x3e, 0x3d, 0x38, 0x09, 0x30, 0x3a, 0x30, 0x30, 0x09, 0x31,
0x3a, 0x30, 0x30, 0x09, 0x44, 0x0a, 0x52, 0x75, 0x6c, 0x65, 0x09, 0x52, 0x65, 0x67, 0x69, 0x6e,
0x61, 0x09, 0x31, 0x39, 0x33, 0x37, 0x09, 0x6f, 0x6e, 0x6c, 0x79, 0x09, 0x2d, 0x09, 0x4f, 0x63,
0x74, 0x09, 0x53, 0x75, 0x6e, 0x3e, 0x3d, 0x38, 0x09, 0x30, 0x3a, 0x30, 0x30, 0x09, 0x30, 0x09,
0x53, 0x0a, 0x52, 0x75, 0x6c, 0x65, 0x09, 0x52, 0x65, 0x67, 0x69, 0x6e, 0x61, 0x09, 0x31, 0x39,
0x33, 0x38, 0x09, 0x6f, 0x6e, 0x6c, 0x79, 0x09, 0x2d, 0x09, 0x4f, 0x63, 0x74, 0x09, 0x53, 0x75,
0x6e, 0x3e, 0x3d, 0x31, 0x09, 0x30, 0x3a, 0x30, 0x30, 0x09, 0x30, 0x09, 0x53, 0x0a, 0x52, 0x75,
0x6c, 0x65, 0x09, 0x52, 0x65, 0x67, 0x69, 0x6e, 0x61, 0x09, 0x31, 0x39, 0x33, 0x39, 0x09, 0x31,
0x39, 0x34, 0x31, 0x09, 0x2d, 0x09, 0x4f, 0x63, 0x74, 0x09, 0x53, 0x75, 0x6e, 0x3e, 0x3d, 0x38,
0x09, 0x30, 0x3a, 0x30, 0x30, 0x09, 0x30, 0x09, 0x53, 0x0a, 0x52, 0x75, 0x6c, 0x65, 0x09, 0x52,
0x65, 0x67, 0x69, 0x6e, 0x61, 0x09, 0x31, 0x39, 0x34, 0x32, 0x09, 0x6f, 0x6e, 0x6c, 0x79, 0x09,
0x2d, 0x09, 0x46, 0x65, 0x62, 0x09, 0x20, 0x39, 0x09, 0x32, 0x3a, 0x30, 0x30, 0x09, 0x31, 0x3a,
0x30, 0x30, 0x09, 0x57, 0x20, 0x23, 0x20, 0x57, 0x61, 0x72, 0x0a, 0x52, 0x75, 0x6c, 0x65, 0x09,
0x52, 0x65, 0x67, 0x69, 0x6e, 0x61, 0x09, 0x31, 0x39, 0x34, 0x35, 0x09, 0x6f, 0x6e, 0x6c, 0x79,
0x09, 0x2d, 0x09, 0x41, 0x75, 0x67, 0x09, 0x31, 0x34, 0x09, 0x32, 0x33, 0x3a, 0x30, 0x30, 0x75,
0x09, 0x31, 0x3a, 0x30, 0x30, 0x09, 0x50, 0x20, 0x23, 0x20, 0x50, 0x65, 0x61, 0x63, 0x65, 0x0a,
0x52, 0x75, 0x6c, 0x65, 0x09, 0x52, 0x65, 0x67, 0x69, 0x6e, 0x61, 0x09, 0x31, 0x39, 0x34, 0x35,
0x09, 0x6f, 0x6e, 0x6c, 0x79, 0x09, 0x2d, 0x09, 0x53, 0x65, 0x70, 0x09, 0x6c, 0x61, 0x73, 0x74,
0x53, 0x75, 0x6e, 0x09, 0x32, 0x3a, 0x30, 0x30, 0x09, 0x30, 0x09, 0x53, 0x0a, 0x52, 0x75, 0x6c,
0x65, 0x09, 0x52, 0x65, 0x67, 0x69, 0x6e, 0x61, 0x09, 0x31, 0x39, 0x34, 0x36, 0x09, 0x6f, 0x6e,
0x6c, 0x79, 0x09, 0x2d, 0x09, 0x41, 0x70, 0x72, 0x09, 0x53, 0x75, 0x6e, 0x3e, 0x3d, 0x38, 0x09,
0x32, 0x3a, 0x30, 0x30, 0x09, 0x31, 0x3a, 0x30, 0x30, 0x09, 0x44, 0x0a, 0x52, 0x75, 0x6c, 0x65,
0x09, 0x52, 0x65, 0x67, 0x69, 0x6e, 0x61, 0x09, 0x31, 0x39, 0x34, 0x36, 0x09, 0x6f, 0x6e, 0x6c,
0x79, 0x09, 0x2d, 0x09, 0x4f, 0x63, 0x74, 0x09, 0x53, 0x75, 0x6e, 0x3e, 0x3d, 0x38, 0x09, 0x32,
0x3a, 0x30, 0x30, 0x09, 0x30, 0x09, 0x53, 0x0a, 0x52, 0x75, 0x6c, 0x65, 0x09, 0x52, 0x65, 0x67,
0x69, 0x6e, 0x61, 0x09, 0x31, 0x39, 0x34, 0x37, 0x09, 0x31, 0x39, 0x35, 0x37, 0x09, 0x2d, 0x09,
0x41, 0x70, 0x72, 0x09, 0x6c, 0x61, 0x73, 0x74, 0x53, 0x75, 0x6e, 0x09, 0x32, 0x3a, 0x30, 0x30,
0x09, 0x31, 0x3a, 0x30, 0x30, 0x09, 0x44, 0x0a, 0x52, 0x75, 0x6c, 0x65, 0x09, 0x52, 0x65, 0x67,
0x69, 0x6e, 0x61, 0x09, 0x31, 0x39, 0x34, 0x37, 0x09, 0x31, 0x39, 0x35, 0x37, 0x09, 0x2d, 0x09,
0x53, 0x65, 0x70, 0x09, 0x6c, 0x61, 0x73, 0x74, 0x53, 0x75, 0x6e, 0x09, 0x32, 0x3a, 0x30, 0x30,
0x09, 0x30, 0x09, 0x53, 0x0a, 0x52, 0x75, 0x6c, 0x65, 0x09, 0x52, 0x65, 0x67, 0x69, 0x6e, 0x61,
0x09, 0x31, 0x39, 0x35, 0x39, 0x09, 0x6f, 0x6e, 0x6c, 0x79, 0x09, 0x2d, 0x09, 0x41, 0x70, 0x72,
0x09, 0x6c, 0x61, 0x73, 0x74, 0x53, 0x75, 0x6e, 0x09, 0x32, 0x3a, 0x30, 0x30, 0x09, 0x31, 0x3a,
0x30, 0x30, 0x09, 0x44, 0x0a, 0x52, 0x75, 0x6c, 0x65, 0x09, 0x52, 0x65, 0x67, 0x69, 0x6e, 0x61,
0x09, 0x31, 0x39, 0x35, 0x39, 0x09, 0x6f, 0x6e, 0x6c, 0x79, 0x09, 0x2d, 0x09, 0x4f, 0x63, 0x74,
0x09, 0x6c, 0x61, 0x73, 0x74, 0x53, 0x75, 0x6e, 0x09, 0x32, 0x3a, 0x30, 0x30, 0x09, 0x30, 0x09,
0x53, 0x0a, 0x52, 0x75, 0x6c, 0x65, 0x09, 0x53, 0x77, 0x69, 0x66, 0x74, 0x09, 0x31, 0x39, 0x35,
0x37, 0x09, 0x6f, 0x6e, 0x6c, 0x79, 0x09, 0x2d, 0x09, 0x41, 0x70, 0x72, 0x09, 0x6c, 0x61, 0x73,
0x74, 0x53, 0x75, 0x6e, 0x09, 0x32, 0x3a, 0x30, 0x30, 0x09, 0x31, 0x3a, 0x30, 0x30, 0x09, 0x44,
0x0a, 0x52, 0x75, 0x6c, 0x65, 0x09, 0x53, 0x77, 0x69, 0x66, 0x74, 0x09, 0x31, 0x39, 0x35, 0x37,
0x09, 0x6f, 0x6e, 0x6c, 0x79, 0x09, 0x2d, 0x09, 0x4f, 0x63, 0x74, 0x09, 0x6c, 0x61, 0x73, 0x74,
0x53, 0x75, 0x6e, 0x09, 0x32, 0x3a, 0x30, 0x30, 0x09, 0x30, 0x09, 0x53, 0x0a, 0x52, 0x75, 0x6c,
0x65, 0x09, 0x53, 0x77, 0x69, 0x66, 0x74, 0x09, 0x31, 0x39, 0x35, 0x39, 0x09, 0x31, 0x39, 0x36,
0x31, 0x09, 0x2d, 0x09, 0x41, 0x70, 0x72, 0x09, 0x6c, 0x61, 0x73, 0x74, 0x53, 0x75, 0x6e, 0x09,
0x32, 0x3a, 0x30, 0x30, 0x09, 0x31, 0x3a, 0x30, 0x30, 0x09, 0x44, 0x0a, 0x52, 0x75, 0x6c, 0x65,
0x09, 0x53, 0x77, 0x69, 0x66, 0x74, 0x09, 0x31, 0x39, 0x35, 0x39, 0x09, 0x6f, 0x6e, 0x6c, 0x79,
0x09, 0x2d, 0x09, 0x4f, 0x63, 0x74, 0x09, 0x6c, 0x61, 0x73, 0x74, 0x53, 0x75, 0x6e, 0x09, 0x32,
0x3a, 0x30, 0x30, 0x09, 0x30, 0x09, 0x53, 0x0a, 0x52, 0x75, 0x6c, 0x65, 0x09, 0x53, 0x77, 0x69,
0x66, 0x74, 0x09, 0x31, 0x39, 0x36, 0x30, 0x09, 0x31, 0x39, 0x36, 0x31, 0x09, 0x2d, 0x09, 0x53,
0x65, 0x70, 0x09, 0x6c, 0x61, 0x73, 0x74, 0x53, 0x75, 0x6e, 0x09, 0x32, 0x3a, 0x30, 0x30, 0x09,
0x30, 0x09, 0x53, 0x0a, 0x5a, 0x6f, 0x6e, 0x65, 0x20, 0x41, 0x6d, 0x65, 0x72, 0x69, 0x63, 0x61,
0x2f, 0x52, 0x65, 0x67, 0x69, 0x6e, 0x61, 0x09, 0x2d, 0x36, 0x3a, 0x35, 0x38, 0x3a, 0x33, 0x36,
0x20, 0x2d, 0x09, 0x4c, 0x4d, 0x54, 0x09, 0x31, 0x39, 0x30, 0x35, 0x20, 0x53, 0x65, 0x70, 0x0a,
0x09, 0x09, 0x09, 0x2d, 0x37, 0x3a, 0x30, 0x30, 0x09, 0x52, 0x65, 0x67, 0x69, 0x6e, 0x61, 0x09,
0x4d, 0x25, 0x73, 0x54, 0x09, 0x31, 0x39, 0x36, 0x30, 0x20, 0x41, 0x70, 0x72, 0x20, 0x6c, 0x61,
0x73, 0x74, 0x53, 0x75, 0x6e, 0x20, 0x20, 0x32, 0x3a, 0x30, 0x30, 0x0a, 0x09, 0x09, 0x09, 0x2d,
0x36, 0x3a, 0x30, 0x30, 0x09, 0x2d, 0x09, 0x43, 0x53, 0x54, 0x0a, 0x5a, 0x6f, 0x6e, 0x65, 0x20,
0x41, 0x6d, 0x65, 0x72, 0x69, 0x63, 0x61, 0x2f, 0x53, 0x77, 0x69, 0x66, 0x74, 0x5f, 0x43, 0x75,
0x72, 0x72, 0x65, 0x6e, 0x74, 0x20, 0x2d, 0x37, 0x3a, 0x31, 0x31, 0x3a, 0x32, 0x30, 0x20, 0x2d,
0x09, 0x4c, 0x4d, 0x54, 0x09, 0x31, 0x39, 0x30, 0x35, 0x20, 0x53, 0x65, 0x70, 0x0a, 0x09, 0x09,
0x09, 0x2d, 0x37, 0x3a, 0x30, 0x30, 0x09, 0x43, 0x61, 0x6e, 0x61, 0x64, 0x61, 0x09, 0x4d, 0x25,
0x73, 0x54, 0x09, 0x31, 0x39, 0x34, 0x36, 0x20, 0x41, 0x70, 0x72, 0x20, 0x6c, 0x61, 0x73, 0x74,
0x53, 0x75, 0x6e, 0x20, 0x20, 0x32, 0x3a, 0x30, 0x30, 0x0a, 0x09, 0x09, 0x09, 0x2d, 0x37, 0x3a,
0x30, 0x30, 0x09, 0x52, 0x65, 0x67, 0x69, 0x6e, 0x61, 0x09, 0x4d, 0x25, 0x73, 0x54, 0x09, 0x31,
0x39, 0x35, 0x30, 0x0a, 0x09, 0x09, 0x09, 0x2d, 0x37, 0x3a, 0x30, 0x30, 0x09, 0x53, 0x77, 0x69,
0x66, 0x74, 0x09, 0x4d, 0x25, 0x73, 0x54, 0x09, 0x31, 0x39, 0x37, 0x32, 0x20, 0x41, 0x70, 0x72,
0x20, 0x6c, 0x61, 0x73, 0x74, 0x53, 0x75, 0x6e, 0x20, 0x20, 0x32, 0x3a, 0x30, 0x30, 0x0a, 0x09,
0x09, 0x09, 0x2d, 0x36, 0x3a, 0x30, 0x30, 0x09, 0x2d, 0x09, 0x43, 0x53, 0x54, 0x0a, 0x52, 0x75,
0x6c, 0x65, 0x09, 0x45, 0x64, 0x6d, 0x09, 0x31, 0x39, 0x31, 0x38, 0x09, 0x31, 0x39, 0x31, 0x39,
0x09, 0x2d, 0x09, 0x41, 0x70, 0x72, 0x09, 0x53, 0x75, 0x6e, 0x3e, 0x3d, 0x38, 0x09, 0x32, 0x3a,
0x30, 0x30, 0x09, 0x31, 0x3a, 0x30, 0x30, 0x09, 0x44, 0x0a, 0x52, 0x75, 0x6c, 0x65, 0x09, 0x45,
0x64, 0x6d, 0x09, 0x31, 0x39, 0x31, 0x38, 0x09, 0x6f, 0x6e, 0x6c, 0x79, 0x09, 0x2d, 0x09, 0x4f,
0x63, 0x74, 0x09, 0x32, 0x37, 0x09, 0x32, 0x3a, 0x30, 0x30, 0x09, 0x30, 0x09, 0x53, 0x0a, 0x52,
0x75, 0x6c, 0x65, 0x09, 0x45, 0x64, 0x6d, 0x09, 0x31, 0x39, 0x31, 0x39, 0x09, 0x6f, 0x6e, 0x6c,
0x79, 0x09, 0x2d, 0x09, 0x4d, 0x61, 0x79, 0x09, 0x32, 0x37, 0x09, 0x32, 0x3a, 0x30, 0x30, 0x09,
0x30, 0x09, 0x53, 0x0a, 0x52, 0x75, 0x6c, 0x65, 0x09, 0x45, 0x64, 0x6d, 0x09, 0x31, 0x39, 0x32,
0x30, 0x09, 0x31, 0x39, 0x32, 0x33, 0x09, 0x2d, 0x09, 0x41, 0x70, 0x72, 0x09, 0x6c, 0x61, 0x73,
0x74, 0x53, 0x75, 0x6e, 0x09, 0x32, 0x3a, 0x30, 0x30, 0x09, 0x31, 0x3a, 0x30, 0x30, 0x09, 0x44,
0x0a, 0x52, 0x75, 0x6c, 0x65, 0x09, 0x45, 0x64, 0x6d, 0x09, 0x31, 0x39, 0x32, 0x30, 0x09, 0x6f,
0x6e, 0x6c, 0x79, 0x09, 0x2d, 0x09, 0x4f, 0x63, 0x74, 0x09, 0x6c, 0x61, 0x73, 0x74, 0x53, 0x75,
0x6e, 0x09, 0x32, 0x3a, 0x30, 0x30, 0x09, 0x30, 0x09, 0x53, 0x0a, 0x52, 0x75, 0x6c, 0x65, 0x09,
0x45, 0x64, 0x6d, 0x09, 0x31, 0x39, 0x32, 0x31, 0x09, 0x31, 0x39, 0x32, 0x33, 0x09, 0x2d, 0x09,
0x53, 0x65, 0x70, 0x09, 0x6c, 0x61, 0x73, 0x74, 0x53, 0x75, 0x6e, 0x09, 0x32, 0x3a, 0x30, 0x30,
0x09, 0x30, 0x09, 0x53, 0x0a, 0x52, 0x75, 0x6c, 0x65, 0x09, 0x45, 0x64, 0x6d, 0x09, 0x31, 0x39,
0x34, 0x32, 0x09, 0x6f, 0x6e, 0x6c, 0x79, 0x09, 0x2d, 0x09, 0x46, 0x65, 0x62, 0x09, 0x20, 0x39,
0x09, 0x32, 0x3a, 0x30, 0x30, 0x09, 0x31, 0x3a, 0x30, 0x30, 0x09, 0x57, 0x20, 0x23, 0x20, 0x57,
0x61, 0x72, 0x0a, 0x52, 0x75, 0x6c, 0x65, 0x09, 0x45, 0x64, 0x6d, 0x09, 0x31, 0x39, 0x34, 0x35,
0x09, 0x6f, 0x6e, 0x6c, 0x79, 0x09, 0x2d, 0x09, 0x41, 0x75, 0x67, 0x09, 0x31, 0x34, 0x09, 0x32,
0x33, 0x3a, 0x30, 0x30, 0x75, 0x09, 0x31, 0x3a, 0x30, 0x30, 0x09, 0x50, 0x20, 0x23, 0x20, 0x50,
0x65, 0x61, 0x63, 0x65, 0x0a, 0x52, 0x75, 0x6c, 0x65, 0x09, 0x45, 0x64, 0x6d, 0x09, 0x31, 0x39,
0x34, 0x35, 0x09, 0x6f, 0x6e, 0x6c, 0x79, 0x09, 0x2d, 0x09, 0x53, 0x65, 0x70, 0x09, 0x6c, 0x61,
0x73, 0x74, 0x53, 0x75, 0x6e, 0x09, 0x32, 0x3a, 0x30, 0x30, 0x09, 0x30, 0x09, 0x53, 0x0a, 0x52,
0x75, 0x6c, 0x65, 0x09, 0x45, 0x64, 0x6d, 0x09, 0x31, 0x39, 0x34, 0x37, 0x09, 0x6f, 0x6e, 0x6c,
0x79, 0x09, 0x2d, 0x09, 0x41, 0x70, 0x72, 0x09, 0x6c, 0x61, 0x73, 0x74, 0x53, 0x75, 0x6e, 0x09,
0x32, 0x3a, 0x30, 0x30, 0x09, 0x31, 0x3a, 0x30, 0x30, 0x09, 0x44, 0x0a, 0x52, 0x75, 0x6c, 0x65,
0x09, 0x45, 0x64, 0x6d, 0x09, 0x31, 0x39, 0x34, 0x37, 0x09, 0x6f, 0x6e, 0x6c, 0x79, 0x09, 0x2d,
0x09, 0x53, 0x65, 0x70, 0x09, 0x6c, 0x61, 0x73, 0x74, 0x53, 0x75, 0x6e, 0x09, 0x32, 0x3a, 0x30,
0x30, 0x09, 0x30, 0x09, 0x53, 0x0a, 0x52, 0x75, 0x6c, 0x65, 0x09, 0x45, 0x64, 0x6d, 0x09, 0x31,
0x39, 0x37, 0x32, 0x09, 0x31, 0x39, 0x38, 0x36, 0x09, 0x2d, 0x09, 0x41, 0x70, 0x72, 0x09, 0x6c,
0x61, 0x73, 0x74, 0x53, 0x75, 0x6e, 0x09, 0x32, 0x3a, 0x30, 0x30, 0x09, 0x31, 0x3a, 0x30, 0x30,
0x09, 0x44, 0x0a, 0x52, 0x75, 0x6c, 0x65, 0x09, 0x45, 0x64, 0x6d, 0x09, 0x31, 0x39, 0x37, 0x32,
0x09, 0x32, 0x30, 0x30, 0x36, 0x09, 0x2d, 0x09, 0x4f, 0x63, 0x74, 0x09, 0x6c, 0x61, 0x73, 0x74,
0x53, 0x75, 0x6e, 0x09, 0x32, 0x3a, 0x30, 0x30, 0x09, 0x30, 0x09, 0x53, 0x0a, 0x5a, 0x6f, 0x6e,
0x65, 0x20, 0x41, 0x6d, 0x65, 0x72, 0x69, 0x63, 0x61, 0x2f, 0x45, 0x64, 0x6d, 0x6f, 0x6e, 0x74,
0x6f, 0x6e, 0x09, 0x2d, 0x37, 0x3a, 0x33, 0x33, 0x3a, 0x35, 0x32, 0x20, 0x2d, 0x09, 0x4c, 0x4d,
0x54, 0x09, 0x31, 0x39, 0x30, 0x36, 0x20, 0x53, 0x65, 0x70, 0x0a, 0x09, 0x09, 0x09, 0x2d, 0x37,
0x3a, 0x30, 0x30, 0x09, 0x45, 0x64, 0x6d, 0x09, 0x4d, 0x25, 0x73, 0x54, 0x09, 0x31, 0x39, 0x38,
0x37, 0x0a, 0x09, 0x09, 0x09, 0x2d, 0x37, 0x3a, 0x30, 0x30, 0x09, 0x43, 0x61, 0x6e, 0x61, 0x64,
0x61, 0x09, 0x4d, 0x25, 0x73, 0x54, 0x0a, 0x52, 0x75, 0x6c, 0x65, 0x09, 0x56, 0x61, 0x6e, 0x63,
0x09, 0x31, 0x39, 0x31, 0x38, 0x09, 0x6f, 0x6e, 0x6c, 0x79, 0x09, 0x2d, 0x09, 0x41, 0x70, 0x72,
0x09, 0x31, 0x34, 0x09, 0x32, 0x3a, 0x30, 0x30, 0x09, 0x31, 0x3a, 0x30, 0x30, 0x09, 0x44, 0x0a,
0x52, 0x75, 0x6c, 0x65, 0x09, 0x56, 0x61, 0x6e, 0x63, 0x09, 0x31, 0x39, 0x31, 0x38, 0x09, 0x6f,
0x6e, 0x6c, 0x79, 0x09, 0x2d, 0x09, 0x4f, 0x63, 0x74, 0x09, 0x32, 0x37, 0x09, 0x32, 0x3a, 0x30,
0x30, 0x09, 0x30, 0x09, 0x53, 0x0a, 0x52, 0x75, 0x6c, 0x65, 0x09, 0x56, 0x61, 0x6e, 0x63, 0x09,
0x31, 0x39, 0x34, 0x32, 0x09, 0x6f, 0x6e, 0x6c, 0x79, 0x09, 0x2d, 0x09, 0x46, 0x65, 0x62, 0x09,
0x20, 0x39, 0x09, 0x32, 0x3a, 0x30, 0x30, 0x09, 0x31, 0x3a, 0x30, 0x30, 0x09, 0x57, 0x20, 0x23,
0x20, 0x57, 0x61, 0x72, 0x0a, 0x52, 0x75, 0x6c, 0x65, 0x09, 0x56, 0x61, 0x6e, 0x63, 0x09, 0x31,
0x39, 0x34, 0x35, 0x09, 0x6f, 0x6e, 0x6c, 0x79, 0x09, 0x2d, 0x09, 0x41, 0x75, 0x67, 0x09, 0x31,
0x34, 0x09, 0x32, 0x33, 0x3a, 0x30, 0x30, 0x75, 0x09, 0x31, 0x3a, 0x30, 0x30, 0x09, 0x50, 0x20,
0x23, 0x20, 0x50, 0x65, 0x61, 0x63, 0x65, 0x0a, 0x52, 0x75, 0x6c, 0x65, 0x09, 0x56, 0x61, 0x6e,
0x63, 0x09, 0x31, 0x39, 0x34, 0x35, 0x09, 0x6f, 0x6e, 0x6c, 0x79, 0x09, 0x2d, 0x09, 0x53, 0x65,
0x70, 0x09, 0x33, 0x30, 0x09, 0x32, 0x3a, 0x30, 0x30, 0x09, 0x30, 0x09, 0x53, 0x0a, 0x52, 0x75,
0x6c, 0x65, 0x09, 0x56, 0x61, 0x6e, 0x63, 0x09, 0x31, 0x39, 0x34, 0x36, 0x09, 0x31, 0x39, 0x38,
0x36, 0x09, 0x2d, 0x09, 0x41, 0x70, 0x72, 0x09, 0x6c, 0x61, 0x73, 0x74, 0x53, 0x75, 0x6e, 0x09,
0x32, 0x3a, 0x30, 0x30, 0x09, 0x31, 0x3a, 0x30, 0x30, 0x09, 0x44, 0x0a, 0x52, 0x75, 0x6c, 0x65,
0x09, 0x56, 0x61, 0x6e, 0x63, 0x09, 0x31, 0x39, 0x34, 0x36, 0x09, 0x6f, 0x6e, 0x6c, 0x79, 0x09,
0x2d, 0x09, 0x53, 0x65, 0x70, 0x09, 0x32, 0x39, 0x09, 0x32, 0x3a, 0x30, 0x30, 0x09, 0x30, 0x09,
0x53, 0x0a, 0x52, 0x75, 0x6c, 0x65, 0x09, 0x56, 0x61, 0x6e, 0x63, 0x09, 0x31, 0x39, 0x34, 0x37,
0x09, 0x31, 0x39, 0x36, 0x31, 0x09, 0x2d, 0x09, 0x53, 0x65, 0x70, 0x09, 0x6c, 0x61, 0x73, 0x74,
0x53, 0x75, 0x6e, 0x09, 0x32, 0x3a, 0x30, 0x30, 0x09, 0x30, 0x09, 0x53, 0x0a, 0x52, 0x75, 0x6c,
0x65, 0x09, 0x56, 0x61, 0x6e, 0x63, 0x09, 0x31, 0x39, 0x36, 0x32, 0x09, 0x32, 0x30, 0x30, 0x36,
0x09, 0x2d, 0x09, 0x4f, 0x63, 0x74, 0x09, 0x6c, 0x61, 0x73, 0x74, 0x53, 0x75, 0x6e, 0x09, 0x32,
0x3a, 0x30, 0x30, 0x09, 0x30, 0x09, 0x53, 0x0a, 0x5a, 0x6f, 0x6e, 0x65, 0x20, 0x41, 0x6d, 0x65,
0x72, 0x69, 0x63, 0x61, 0x2f, 0x56, 0x61, 0x6e, 0x63, 0x6f, 0x75, 0x76, 0x65, 0x72, 0x09, 0x2d,
0x38, 0x3a, 0x31, 0x32, 0x3a, 0x32, 0x38, 0x20, 0x2d, 0x09, 0x4c, 0x4d, 0x54, 0x09, 0x31, 0x38,
0x38, 0x34, 0x0a, 0x09, 0x09, 0x09, 0x2d, 0x38, 0x3a, 0x30, 0x30, 0x09, 0x56, 0x61, 0x6e, 0x63,
0x09, 0x50, 0x25, 0x73, 0x54, 0x09, 0x31, 0x39, 0x38, 0x37, 0x0a, 0x09, 0x09, 0x09, 0x2d, 0x38,
0x3a, 0x30, 0x30, 0x09, 0x43, 0x61, 0x6e, 0x61, 0x64, 0x61, 0x09, 0x50, 0x25, 0x73, 0x54, 0x0a,
0x5a, 0x6f, 0x6e, 0x65, 0x20, 0x41, 0x6d, 0x65, 0x72, 0x69, 0x63, 0x61, 0x2f, 0x44, 0x61, 0x77,
0x73, 0x6f, 0x6e, 0x5f, 0x43, 0x72, 0x65, 0x65, 0x6b, 0x20, 0x2d, 0x38, 0x3a, 0x30, 0x30, 0x3a,
0x35, 0x36, 0x20, 0x2d, 0x09, 0x4c, 0x4d, 0x54, 0x09, 0x31, 0x38, 0x38, 0x34, 0x0a, 0x09, 0x09,
0x09, 0x2d, 0x38, 0x3a, 0x30, 0x30, 0x09, 0x43, 0x61, 0x6e, 0x61, 0x64, 0x61, 0x09, 0x50, 0x25,
0x73, 0x54, 0x09, 0x31, 0x39, 0x34, 0x37, 0x0a, 0x09, 0x09, 0x09, 0x2d, 0x38, 0x3a, 0x30, 0x30,
0x09, 0x56, 0x61, 0x6e, 0x63, 0x09, 0x50, 0x25, 0x73, 0x54, 0x09, 0x31, 0x39, 0x37, 0x32, 0x20,
0x41, 0x75, 0x67, 0x20, 0x33, 0x30, 0x20, 0x20, 0x32, 0x3a, 0x30, 0x30, 0x0a, 0x09, 0x09, 0x09,
0x2d, 0x37, 0x3a, 0x30, 0x30, 0x09, 0x2d, 0x09, 0x4d, 0x53, 0x54, 0x0a, 0x5a, 0x6f, 0x6e, 0x65,
0x20, 0x41, 0x6d, 0x65, 0x72, 0x69, 0x63, 0x61, 0x2f, 0x46, 0x6f, 0x72, 0x74, 0x5f, 0x4e, 0x65,
0x6c, 0x73, 0x6f, 0x6e, 0x09, 0x2d, 0x38, 0x3a, 0x31, 0x30, 0x3a, 0x34, 0x37, 0x20, 0x2d, 0x09,
0x4c, 0x4d, 0x54, 0x09, 0x31, 0x38, 0x38, 0x34, 0x0a, 0x09, 0x09, 0x09, 0x2d, 0x38, 0x3a, 0x30,
0x30, 0x09, 0x56, 0x61, 0x6e, 0x63, 0x09, 0x50, 0x25, 0x73, 0x54, 0x09, 0x31, 0x39, 0x34, 0x36,
0x0a, 0x09, 0x09, 0x09, 0x2d, 0x38, 0x3a, 0x30, 0x30, 0x09, 0x2d, 0x09, 0x50, 0x53, 0x54, 0x09,
0x31, 0x39, 0x34, 0x37, 0x0a, 0x09, 0x09, 0x09, 0x2d, 0x38, 0x3a, 0x30, 0x30, 0x09, 0x56, 0x61,
0x6e, 0x63, 0x09, 0x50, 0x25, 0x73, 0x54, 0x09, 0x31, 0x39, 0x38, 0x37, 0x0a, 0x09, 0x09, 0x09,
0x2d, 0x38, 0x3a, 0x30, 0x30, 0x09, 0x43, 0x61, 0x6e, 0x61, 0x64, 0x61, 0x09, 0x50, 0x25, 0x73,
0x54, 0x09, 0x32, 0x30, 0x31, 0x35, 0x20, 0x4d, 0x61, 0x72, 0x20, 0x20, 0x38, 0x20, 0x20, 0x32,
0x3a, 0x30, 0x30, 0x0a, 0x09, 0x09, 0x09, 0x2d, 0x37, 0x3a, 0x30, 0x30, 0x09, 0x2d, 0x09, 0x4d,
0x53, 0x54, 0x0a, 0x52, 0x75, 0x6c, 0x65, 0x09, 0x4e, 0x54, 0x5f, 0x59, 0x4b, 0x09, 0x31, 0x39,
0x31, 0x38, 0x09, 0x6f, 0x6e, 0x6c, 0x79, 0x09, 0x2d, 0x09, 0x41, 0x70, 0x72, 0x09, 0x31, 0x34,
0x09, 0x32, 0x3a, 0x30, 0x30, 0x09, 0x31, 0x3a, 0x30, 0x30, 0x09, 0x44, 0x0a, 0x52, 0x75, 0x6c,
0x65, 0x09, 0x4e, 0x54, 0x5f, 0x59, 0x4b, 0x09, 0x31, 0x39, 0x31, 0x38, 0x09, 0x6f, 0x6e, 0x6c,
0x79, 0x09, 0x2d, 0x09, 0x4f, 0x63, 0x74, 0x09, 0x32, 0x37, 0x09, 0x32, 0x3a, 0x30, 0x30, 0x09,
0x30, 0x09, 0x53, 0x0a, 0x52, 0x75, 0x6c, 0x65, 0x09, 0x4e, 0x54, 0x5f, 0x59, 0x4b, 0x09, 0x31,
0x39, 0x31, 0x39, 0x09, 0x6f, 0x6e, 0x6c, 0x79, 0x09, 0x2d, 0x09, 0x4d, 0x61, 0x79, 0x09, 0x32,
0x35, 0x09, 0x32, 0x3a, 0x30, 0x30, 0x09, 0x31, 0x3a, 0x30, 0x30, 0x09, 0x44, 0x0a, 0x52, 0x75,
0x6c, 0x65, 0x09, 0x4e, 0x54, 0x5f, 0x59, 0x4b, 0x09, 0x31, 0x39, 0x31, 0x39, 0x09, 0x6f, 0x6e,
0x6c, 0x79, 0x09, 0x2d, 0x09, 0x4e, 0x6f, 0x76, 0x09, 0x20, 0x31, 0x09, 0x30, 0x3a, 0x30, 0x30,
0x09, 0x30, 0x09, 0x53, 0x0a, 0x52, 0x75, 0x6c, 0x65, 0x09, 0x4e, 0x54, 0x5f, 0x59, 0x4b, 0x09,
0x31, 0x39, 0x34, 0x32, 0x09, 0x6f, 0x6e, 0x6c, 0x79, 0x09, 0x2d, 0x09, 0x46, 0x65, 0x62, 0x09,
0x20, 0x39, 0x09, 0x32, 0x3a, 0x30, 0x30, 0x09, 0x31, 0x3a, 0x30, 0x30, 0x09, 0x57, 0x20, 0x23,
0x20, 0x57, 0x61, 0x72, 0x0a, 0x52, 0x75, 0x6c, 0x65, 0x09, 0x4e, 0x54, 0x5f, 0x59, 0x4b, 0x09,
0x31, 0x39, 0x34, 0x35, 0x09, 0x6f, 0x6e, 0x6c, 0x79, 0x09, 0x2d, 0x09, 0x41, 0x75, 0x67, 0x09,
0x31, 0x34, 0x09, 0x32, 0x33, 0x3a, 0x30, 0x30, 0x75, 0x09, 0x31, 0x3a, 0x30, 0x30, 0x09, 0x50,
0x20, 0x23, 0x20, 0x50, 0x65, 0x61, 0x63, 0x65, 0x0a, 0x52, 0x75, 0x6c, 0x65, 0x09, 0x4e, 0x54,
0x5f, 0x59, 0x4b, 0x09, 0x31, 0x39, 0x34, 0x35, 0x09, 0x6f, 0x6e, 0x6c, 0x79, 0x09, 0x2d, 0x09,
0x53, 0x65, 0x70, 0x09, 0x33, 0x30, 0x09, 0x32, 0x3a, 0x30, 0x30, 0x09, 0x30, 0x09, 0x53, 0x0a,
0x52, 0x75, 0x6c, 0x65, 0x09, 0x4e, 0x54, 0x5f, 0x59, 0x4b, 0x09, 0x31, 0x39, 0x37, 0x32, 0x09,
0x31, 0x39, 0x38, 0x36, 0x09, 0x2d, 0x09, 0x41, 0x70, 0x72, 0x09, 0x6c, 0x61, 0x73, 0x74, 0x53,
0x75, 0x6e, 0x09, 0x32, 0x3a, 0x30, 0x30, 0x09, 0x31, 0x3a, 0x30, 0x30, 0x09, 0x44, 0x0a, 0x52,
0x75, 0x6c, 0x65, 0x09, 0x4e, 0x54, 0x5f, 0x59, 0x4b, 0x09, 0x31, 0x39, 0x37, 0x32, 0x09, 0x32,
0x30, 0x30, 0x36, 0x09, 0x2d, 0x09, 0x4f, 0x63, 0x74, 0x09, 0x6c, 0x61, 0x73, 0x74, 0x53, 0x75,
0x6e, 0x09, 0x32, 0x3a, 0x30, 0x30, 0x09, 0x30, 0x09, 0x53, 0x0a, 0x52, 0x75, 0x6c, 0x65, 0x09,
0x4e, 0x54, 0x5f, 0x59, 0x4b, 0x09, 0x31, 0x39, 0x38, 0x37, 0x09, 0x32, 0x30, 0x30, 0x36, 0x09,
0x2d, 0x09, 0x41, 0x70, 0x72, 0x09, 0x53, 0x75, 0x6e, 0x3e, 0x3d, 0x31, 0x09, 0x32, 0x3a, 0x30,
0x30, 0x09, 0x31, 0x3a, 0x30, 0x30, 0x09, 0x44, 0x0a, 0x52, 0x75, 0x6c, 0x65, 0x09, 0x59, 0x75,
0x6b, 0x6f, 0x6e, 0x09, 0x31, 0x39, 0x36, 0x35, 0x09, 0x6f, 0x6e, 0x6c, 0x79, 0x09, 0x2d, 0x09,
0x41, 0x70, 0x72, 0x09, 0x6c, 0x61, 0x73, 0x74, 0x53, 0x75, 0x6e, 0x09, 0x30, 0x3a, 0x30, 0x30,
0x09, 0x32, 0x3a, 0x30, 0x30, 0x09, 0x44, 0x44, 0x0a, 0x52, 0x75, 0x6c, 0x65, 0x09, 0x59, 0x75,
0x6b, 0x6f, 0x6e, 0x09, 0x31, 0x39, 0x36, 0x35, 0x09, 0x6f, 0x6e, 0x6c, 0x79, 0x09, 0x2d, 0x09,
0x4f, 0x63, 0x74, 0x09, 0x6c, 0x61, 0x73, 0x74, 0x53, 0x75, 0x6e, 0x09, 0x32, 0x3a, 0x30, 0x30,
0x09, 0x30, 0x09, 0x53, 0x0a, 0x5a, 0x6f, 0x6e, 0x65, 0x20, 0x41, 0x6d, 0x65, 0x72, 0x69, 0x63,
0x61, 0x2f, 0x49, 0x71, 0x61, 0x6c, 0x75, 0x69, 0x74, 0x09, 0x30, 0x09, 0x2d, 0x09, 0x2d, 0x30,
0x30, 0x09, 0x31, 0x39, 0x34, 0x32, 0x20, 0x41, 0x75, 0x67, 0x20, 0x23, 0x20, 0x46, 0x72, 0x6f,
0x62, 0x69, 0x73, 0x68, 0x65, 0x72, 0x20, 0x42, 0x61, 0x79, 0x20, 0x65, 0x73, 0x74, 0x2e, 0x0a,
0x09, 0x09, 0x09, 0x2d, 0x35, 0x3a, 0x30, 0x30, 0x09, 0x4e, 0x54, 0x5f, 0x59, 0x4b, 0x09, 0x45,
0x25, 0x73, 0x54, 0x09, 0x31, 0x39, 0x39, 0x39, 0x20, 0x4f, 0x63, 0x74, 0x20, 0x33, 0x31, 0x20,
0x20, 0x32, 0x3a, 0x30, 0x30, 0x0a, 0x09, 0x09, 0x09, 0x2d, 0x36, 0x3a, 0x30, 0x30, 0x09, 0x43,
0x61, 0x6e, 0x61, 0x64, 0x61, 0x09, 0x43, 0x25, 0x73, 0x54, 0x09, 0x32, 0x30, 0x30, 0x30, 0x20,
0x4f, 0x63, 0x74, 0x20, 0x32, 0x39, 0x20, 0x20, 0x32, 0x3a, 0x30, 0x30, 0x0a, 0x09, 0x09, 0x09,
0x2d, 0x35, 0x3a, 0x30, 0x30, 0x09, 0x43, 0x61, 0x6e, 0x61, 0x64, 0x61, 0x09, 0x45, 0x25, 0x73,
0x54, 0x0a, 0x5a, 0x6f, 0x6e, 0x65, 0x20, 0x41, 0x6d, 0x65, 0x72, 0x69, 0x63, 0x61, 0x2f, 0x52,
0x65, 0x73, 0x6f, 0x6c, 0x75, 0x74, 0x65, 0x09, 0x30, 0x09, 0x2d, 0x09, 0x2d, 0x30, 0x30, 0x09,
0x31, 0x39, 0x34, 0x37, 0x20, 0x41, 0x75, 0x67, 0x20, 0x33, 0x31, 0x20, 0x23, 0x20, 0x52, 0x65,
0x73, 0x6f, 0x6c, 0x75, 0x74, 0x65, 0x20, 0x66, 0x6f, 0x75, 0x6e, 0x64, 0x65, 0x64, 0x0a, 0x09,
0x09, 0x09, 0x2d, 0x36, 0x3a, 0x30, 0x30, 0x09, 0x4e, 0x54, 0x5f, 0x59, 0x4b, 0x09, 0x43, 0x25,
0x73, 0x54, 0x09, 0x32, 0x30, 0x30, 0x30, 0x20, 0x4f, 0x63, 0x74, 0x20, 0x32, 0x39, 0x20, 0x20,
0x32, 0x3a, 0x30, 0x30, 0x0a, 0x09, 0x09, 0x09, 0x2d, 0x35, 0x3a, 0x30, 0x30, 0x09, 0x2d, 0x09,
0x45, 0x53, 0x54, 0x09, 0x32, 0x30, 0x30, 0x31, 0x20, 0x41, 0x70, 0x72, 0x20, 0x20, 0x31, 0x20,
0x20, 0x33, 0x3a, 0x30, 0x30, 0x0a, 0x09, 0x09, 0x09, 0x2d, 0x36, 0x3a, 0x30, 0x30, 0x09, 0x43,
0x61, 0x6e, 0x61, 0x64, 0x61, 0x09, 0x43, 0x25, 0x73, 0x54, 0x09, 0x32, 0x30, 0x30, 0x36, 0x20,
0x4f, 0x63, 0x74, 0x20, 0x32, 0x39, 0x20, 0x20, 0x32, 0x3a, 0x30, 0x30, 0x0a, 0x09, 0x09, 0x09,
0x2d, 0x35, 0x3a, 0x30, 0x30, 0x09, 0x2d, 0x09, 0x45, 0x53, 0x54, 0x09, 0x32, 0x30, 0x30, 0x37,
0x20, 0x4d, 0x61, 0x72, 0x20, 0x31, 0x31, 0x20, 0x20, 0x33, 0x3a, 0x30, 0x30, 0x0a, 0x09, 0x09,
0x09, 0x2d, 0x36, 0x3a, 0x30, 0x30, 0x09, 0x43, 0x61, 0x6e, 0x61, 0x64, 0x61, 0x09, 0x43, 0x25,
0x73, 0x54, 0x0a, 0x5a, 0x6f, 0x6e, 0x65, 0x20, 0x41, 0x6d, 0x65, 0x72, 0x69, 0x63, 0x61, 0x2f,
0x52, 0x61, 0x6e, 0x6b, 0x69, 0x6e, 0x5f, 0x49, 0x6e, 0x6c, 0x65, 0x74, 0x20, 0x30, 0x09, 0x2d,
0x09, 0x2d, 0x30, 0x30, 0x09, 0x31, 0x39, 0x35, 0x37, 0x20, 0x23, 0x20, 0x52, 0x61, 0x6e, 0x6b,
0x69, 0x6e, 0x20, 0x49, 0x6e, 0x6c, 0x65, 0x74, 0x20, 0x66, 0x6f, 0x75, 0x6e, 0x64, 0x65, 0x64,
0x0a, 0x09, 0x09, 0x09, 0x2d, 0x36, 0x3a, 0x30, 0x30, 0x09, 0x4e, 0x54, 0x5f, 0x59, 0x4b, 0x09,
0x43, 0x25, 0x73, 0x54, 0x09, 0x32, 0x30, 0x30, 0x30, 0x20, 0x4f, 0x63, 0x74, 0x20, 0x32, 0x39,
0x20, 0x20, 0x32, 0x3a, 0x30, 0x30, 0x0a, 0x09, 0x09, 0x09, 0x2d, 0x35, 0x3a, 0x30, 0x30, 0x09,
0x2d, 0x09, 0x45, 0x53, 0x54, 0x09, 0x32, 0x30, 0x30, 0x31, 0x20, 0x41, 0x70, 0x72, 0x20, 0x20,
0x31, 0x20, 0x20, 0x33, 0x3a, 0x30, 0x30, 0x0a, 0x09, 0x09, 0x09, 0x2d, 0x36, 0x3a, 0x30, 0x30,
0x09, 0x43, 0x61, 0x6e, 0x61, 0x64, 0x61, 0x09, 0x43, 0x25, 0x73, 0x54, 0x0a, 0x5a, 0x6f, 0x6e,
0x65, 0x20, 0x41, 0x6d, 0x65, 0x72, 0x69, 0x63, 0x61, 0x2f, 0x43, 0x61, 0x6d, 0x62, 0x72, 0x69,
0x64, 0x67, 0x65, 0x5f, 0x42, 0x61, 0x79, 0x20, 0x30, 0x09, 0x2d, 0x09, 0x2d, 0x30, 0x30, 0x09,
0x31, 0x39, 0x32, 0x30, 0x20, 0x23, 0x20, 0x74, 0x72, 0x61, 0x64, 0x69, 0x6e, 0x67, 0x20, 0x70,
0x6f, 0x73, 0x74, 0x20, 0x65, 0x73, 0x74, 0x2e, 0x3f, 0x0a, 0x09, 0x09, 0x09, 0x2d, 0x37, 0x3a,
0x30, 0x30, 0x09, 0x4e, 0x54, 0x5f, 0x59, 0x4b, 0x09, 0x4d, 0x25, 0x73, 0x54, 0x09, 0x31, 0x39,
0x39, 0x39, 0x20, 0x4f, 0x63, 0x74, 0x20, 0x33, 0x31, 0x20, 0x20, 0x32, 0x3a, 0x30, 0x30, 0x0a,
0x09, 0x09, 0x09, 0x2d, 0x36, 0x3a, 0x30, 0x30, 0x09, 0x43, 0x61, 0x6e, 0x61, 0x64, 0x61, 0x09,
0x43, 0x25, 0x73, 0x54, 0x09, 0x32, 0x30, 0x30, 0x30, 0x20, 0x4f, 0x63, 0x74, 0x20, 0x32, 0x39,
0x20, 0x20, 0x32, 0x3a, 0x30, 0x30, 0x0a, 0x09, 0x09, 0x09, 0x2d, 0x35, 0x3a, 0x30, 0x30, 0x09,
0x2d, 0x09, 0x45, 0x53, 0x54, 0x09, 0x32, 0x30, 0x30, 0x30, 0x20, 0x4e, 0x6f, 0x76, 0x20, 0x20,
0x35, 0x20, 0x20, 0x30, 0x3a, 0x30, 0x30, 0x0a, 0x09, 0x09, 0x09, 0x2d, 0x36, 0x3a, 0x30, 0x30,
0x09, 0x2d, 0x09, 0x43, 0x53, 0x54, 0x09, 0x32, 0x30, 0x30, 0x31, 0x20, 0x41, 0x70, 0x72, 0x20,
0x20, 0x31, 0x20, 0x20, 0x33, 0x3a, 0x30, 0x30, 0x0a, 0x09, 0x09, 0x09, 0x2d, 0x37, 0x3a, 0x30,
0x30, 0x09, 0x43, 0x61, 0x6e, 0x61, 0x64, 0x61, 0x09, 0x4d, 0x25, 0x73, 0x54, 0x0a, 0x5a, 0x6f,
0x6e, 0x65, 0x20, 0x41, 0x6d, 0x65, 0x72, 0x69, 0x63, 0x61, 0x2f, 0x49, 0x6e, 0x75, 0x76, 0x69,
0x6b, 0x09, 0x30, 0x09, 0x2d, 0x09, 0x2d, 0x30, 0x30, 0x09, 0x31, 0x39, 0x35, 0x33, 0x20, 0x23,
0x20, 0x49, 0x6e, 0x75, 0x76, 0x69, 0x6b, 0x20, 0x66, 0x6f, 0x75, 0x6e, 0x64, 0x65, 0x64, 0x0a,
0x09, 0x09, 0x09, 0x2d, 0x38, 0x3a, 0x30, 0x30, 0x09, 0x4e, 0x54, 0x5f, 0x59, 0x4b, 0x09, 0x50,
0x25, 0x73, 0x54, 0x09, 0x31, 0x39, 0x37, 0x39, 0x20, 0x41, 0x70, 0x72, 0x20, 0x6c, 0x61, 0x73,
0x74, 0x53, 0x75, 0x6e, 0x20, 0x20, 0x32, 0x3a, 0x30, 0x30, 0x0a, 0x09, 0x09, 0x09, 0x2d, 0x37,
0x3a, 0x30, 0x30, 0x09, 0x4e, 0x54, 0x5f, 0x59, 0x4b, 0x09, 0x4d, 0x25, 0x73, 0x54, 0x09, 0x31,
0x39, 0x38, 0x30, 0x0a, 0x09, 0x09, 0x09, 0x2d, 0x37, 0x3a, 0x30, 0x30, 0x09, 0x43, 0x61, 0x6e,
0x61, 0x64, 0x61, 0x09, 0x4d, 0x25, 0x73, 0x54, 0x0a, 0x5a, 0x6f, 0x6e, 0x65, 0x20, 0x41, 0x6d,
0x65, 0x72, 0x69, 0x63, 0x61, 0x2f, 0x57, 0x68, 0x69, 0x74, 0x65, 0x68, 0x6f, 0x72, 0x73, 0x65,
0x09, 0x2d, 0x39, 0x3a, 0x30, 0x30, 0x3a, 0x31, 0x32, 0x20, 0x2d, 0x09, 0x4c, 0x4d, 0x54, 0x09,
0x31, 0x39, 0x30, 0x30, 0x20, 0x41, 0x75, 0x67, 0x20, 0x32, 0x30, 0x0a, 0x09, 0x09, 0x09, 0x2d,
0x39, 0x3a, 0x30, 0x30, 0x09, 0x4e, 0x54, 0x5f, 0x59, 0x4b, 0x09, 0x59, 0x25, 0x73, 0x54, 0x09,
0x31, 0x39, 0x36, 0x35, 0x0a, 0x09, 0x09, 0x09, 0x2d, 0x39, 0x3a, 0x30, 0x30, 0x09, 0x59, 0x75,
0x6b, 0x6f, 0x6e, 0x09, 0x59, 0x25, 0x73, 0x54, 0x09, 0x31, 0x39, 0x36, 0x36, 0x20, 0x46, 0x65,
0x62, 0x20, 0x32, 0x37, 0x20, 0x20, 0x30, 0x3a, 0x30, 0x30, 0x0a, 0x09, 0x09, 0x09, 0x2d, 0x38,
0x3a, 0x30, 0x30, 0x09, 0x2d, 0x09, 0x50, 0x53, 0x54, 0x09, 0x31, 0x39, 0x38, 0x30, 0x0a, 0x09,
0x09, 0x09, 0x2d, 0x38, 0x3a, 0x30, 0x30, 0x09, 0x43, 0x61, 0x6e, 0x61, 0x64, 0x61, 0x09, 0x50,
0x25, 0x73, 0x54, 0x09, 0x32, 0x30, 0x32, 0x30, 0x20, 0x4e, 0x6f, 0x76, 0x20, 0x20, 0x31, 0x0a,
0x09, 0x09, 0x09, 0x2d, 0x37, 0x3a, 0x30, 0x30, 0x09, 0x2d, 0x09, 0x4d, 0x53, 0x54, 0x0a, 0x5a,
0x6f, 0x6e, 0x65, 0x20, 0x41, 0x6d, 0x65, 0x72, 0x69, 0x63, 0x61, 0x2f, 0x44, 0x61, 0x77, 0x73,
0x6f, 0x6e, 0x09, 0x2d, 0x39, 0x3a, 0x31, 0x37, 0x3a, 0x34, 0x30, 0x20, 0x2d, 0x09, 0x4c, 0x4d,
0x54, 0x09, 0x31, 0x39, 0x30, 0x30, 0x20, 0x41, 0x75, 0x67, 0x20, 0x32, 0x30, 0x0a, 0x09, 0x09,
0x09, 0x2d, 0x39, 0x3a, 0x30, 0x30, 0x09, 0x4e, 0x54, 0x5f, 0x59, 0x4b, 0x09, 0x59, 0x25, 0x73,
0x54, 0x09, 0x31, 0x39, 0x36, 0x35, 0x0a, 0x09, 0x09, 0x09, 0x2d, 0x39, 0x3a, 0x30, 0x30, 0x09,
0x59, 0x75, 0x6b, 0x6f, 0x6e, 0x09, 0x59, 0x25, 0x73, 0x54, 0x09, 0x31, 0x39, 0x37, 0x33, 0x20,
0x4f, 0x63, 0x74, 0x20, 0x32, 0x38, 0x20, 0x20, 0x30, 0x3a, 0x30, 0x30, 0x0a, 0x09, 0x09, 0x09,
0x2d, 0x38, 0x3a, 0x30, 0x30, 0x09, 0x2d, 0x09, 0x50, 0x53, 0x54, 0x09, 0x31, 0x39, 0x38, 0x30,
0x0a, 0x09, 0x09, 0x09, 0x2d, 0x38, 0x3a, 0x30, 0x30, 0x09, 0x43, 0x61, 0x6e, 0x61, 0x64, 0x61,
0x09, 0x50, 0x25, 0x73, 0x54, 0x09, 0x32, 0x30, 0x32, 0x30, 0x20, 0x4e, 0x6f, 0x76, 0x20, 0x20,
0x31, 0x0a, 0x09, 0x09, 0x09, 0x2d, 0x37, 0x3a, 0x30, 0x30, 0x09, 0x2d, 0x09, 0x4d, 0x53, 0x54,
0x0a, 0x52, 0x75, 0x6c, 0x65, 0x09, 0x4d, 0x65, 0x78, 0x69, 0x63, 0x6f, 0x09, 0x31, 0x39, 0x33,
0x31, 0x09, 0x6f, 0x6e, 0x6c, 0x79, 0x09, 0x2d, 0x09, 0x4d, 0x61, 0x79, 0x09, 0x31, 0x09, 0x32,
0x33, 0x3a, 0x30, 0x30, 0x09, 0x31, 0x3a, 0x30, 0x30, 0x09, 0x44, 0x0a, 0x52, 0x75, 0x6c, 0x65,
0x09, 0x4d, 0x65, 0x78, 0x69, 0x63, 0x6f, 0x09, 0x31, 0x39, 0x33, 0x31, 0x09, 0x6f, 0x6e, 0x6c,
0x79, 0x09, 0x2d, 0x09, 0x4f, 0x63, 0x74, 0x09, 0x31, 0x09, 0x30, 0x3a, 0x30, 0x30, 0x09, 0x30,
0x09, 0x53, 0x0a, 0x52, 0x75, 0x6c, 0x65, 0x09, 0x4d, 0x65, 0x78, 0x69, 0x63, 0x6f, 0x09, 0x31,
0x39, 0x33, 0x39, 0x09, 0x6f, 0x6e, 0x6c, 0x79, 0x09, 0x2d, 0x09, 0x46, 0x65, 0x62, 0x09, 0x35,
0x09, 0x30, 0x3a, 0x30, 0x30, 0x09, 0x31, 0x3a, 0x30, 0x30, 0x09, 0x44, 0x0a, 0x52, 0x75, 0x6c,
0x65, 0x09, 0x4d, 0x65, 0x78, 0x69, 0x63, 0x6f, 0x09, 0x31, 0x39, 0x33, 0x39, 0x09, 0x6f, 0x6e,
0x6c, 0x79, 0x09, 0x2d, 0x09, 0x4a, 0x75, 0x6e, 0x09, 0x32, 0x35, 0x09, 0x30, 0x3a, 0x30, 0x30,
0x09, 0x30, 0x09, 0x53, 0x0a, 0x52, 0x75, 0x6c, 0x65, 0x09, 0x4d, 0x65, 0x78, 0x69, 0x63, 0x6f,
0x09, 0x31, 0x39, 0x34, 0x30, 0x09, 0x6f, 0x6e, 0x6c, 0x79, 0x09, 0x2d, 0x09, 0x44, 0x65, 0x63,
0x09, 0x39, 0x09, 0x30, 0x3a, 0x30, 0x30, 0x09, 0x31, 0x3a, 0x30, 0x30, 0x09, 0x44, 0x0a, 0x52,
0x75, 0x6c, 0x65, 0x09, 0x4d, 0x65, 0x78, 0x69, 0x63, 0x6f, 0x09, 0x31, 0x39, 0x34, 0x31, 0x09,
0x6f, 0x6e, 0x6c, 0x79, 0x09, 0x2d, 0x09, 0x41, 0x70, 0x72, 0x09, 0x31, 0x09, 0x30, 0x3a, 0x30,
0x30, 0x09, 0x30, 0x09, 0x53, 0x0a, 0x52, 0x75, 0x6c, 0x65, 0x09, 0x4d, 0x65, 0x78, 0x69, 0x63,
0x6f, 0x09, 0x31, 0x39, 0x34, 0x33, 0x09, 0x6f, 0x6e, 0x6c, 0x79, 0x09, 0x2d, 0x09, 0x44, 0x65,
0x63, 0x09, 0x31, 0x36, 0x09, 0x30, 0x3a, 0x30, 0x30, 0x09, 0x31, 0x3a, 0x30, 0x30, 0x09, 0x57,
0x20, 0x23, 0x20, 0x57, 0x61, 0x72, 0x0a, 0x52, 0x75, 0x6c, 0x65, 0x09, 0x4d, 0x65, 0x78, 0x69,
0x63, 0x6f, 0x09, 0x31, 0x39, 0x34, 0x34, 0x09, 0x6f, 0x6e, 0x6c, 0x79, 0x09, 0x2d, 0x09, 0x4d,
0x61, 0x79, 0x09, 0x31, 0x09, 0x30, 0x3a, 0x30, 0x30, 0x09, 0x30, 0x09, 0x53, 0x0a, 0x52, 0x75,
0x6c, 0x65, 0x09, 0x4d, 0x65, 0x78, 0x69, 0x63, 0x6f, 0x09, 0x31, 0x39, 0x35, 0x30, 0x09, 0x6f,
0x6e, 0x6c, 0x79, 0x09, 0x2d, 0x09, 0x46, 0x65, 0x62, 0x09, 0x31, 0x32, 0x09, 0x30, 0x3a, 0x30,
0x30, 0x09, 0x31, 0x3a, 0x30, 0x30, 0x09, 0x44, 0x0a, 0x52, 0x75, 0x6c, 0x65, 0x09, 0x4d, 0x65,
0x78, 0x69, 0x63, 0x6f, 0x09, 0x31, 0x39, 0x35, 0x30, 0x09, 0x6f, 0x6e, 0x6c, 0x79, 0x09, 0x2d,
0x09, 0x4a, 0x75, 0x6c, 0x09, 0x33, 0x30, 0x09, 0x30, 0x3a, 0x30, 0x30, 0x09, 0x30, 0x09, 0x53,
0x0a, 0x52, 0x75, 0x6c, 0x65, 0x09, 0x4d, 0x65, 0x78, 0x69, 0x63, 0x6f, 0x09, 0x31, 0x39, 0x39,
0x36, 0x09, 0x32, 0x30, 0x30, 0x30, 0x09, 0x2d, 0x09, 0x41, 0x70, 0x72, 0x09, 0x53, 0x75, 0x6e,
0x3e, 0x3d, 0x31, 0x09, 0x32, 0x3a, 0x30, 0x30, 0x09, 0x31, 0x3a, 0x30, 0x30, 0x09, 0x44, 0x0a,
0x52, 0x75, 0x6c, 0x65, 0x09, 0x4d, 0x65, 0x78, 0x69, 0x63, 0x6f, 0x09, 0x31, 0x39, 0x39, 0x36,
0x09, 0x32, 0x30, 0x30, 0x30, 0x09, 0x2d, 0x09, 0x4f, 0x63, 0x74, 0x09, 0x6c, 0x61, 0x73, 0x74,
0x53, 0x75, 0x6e, 0x09, 0x32, 0x3a, 0x30, 0x30, 0x09, 0x30, 0x09, 0x53, 0x0a, 0x52, 0x75, 0x6c,
0x65, 0x09, 0x4d, 0x65, 0x78, 0x69, 0x63, 0x6f, 0x09, 0x32, 0x30, 0x30, 0x31, 0x09, 0x6f, 0x6e,
0x6c, 0x79, 0x09, 0x2d, 0x09, 0x4d, 0x61, 0x79, 0x09, 0x53, 0x75, 0x6e, 0x3e, 0x3d, 0x31, 0x09,
0x32, 0x3a, 0x30, 0x30, 0x09, 0x31, 0x3a, 0x30, 0x30, 0x09, 0x44, 0x0a, 0x52, 0x75, 0x6c, 0x65,
0x09, 0x4d, 0x65, 0x78, 0x69, 0x63, 0x6f, 0x09, 0x32, 0x30, 0x30, 0x31, 0x09, 0x6f, 0x6e, 0x6c,
0x79, 0x09, 0x2d, 0x09, 0x53, 0x65, 0x70, 0x09, 0x6c, 0x61, 0x73, 0x74, 0x53, 0x75, 0x6e, 0x09,
0x32, 0x3a, 0x30, 0x30, 0x09, 0x30, 0x09, 0x53, 0x0a, 0x52, 0x75, 0x6c, 0x65, 0x09, 0x4d, 0x65,
0x78, 0x69, 0x63, 0x6f, 0x09, 0x32, 0x30, 0x30, 0x32, 0x09, 0x32, 0x30, 0x32, 0x32, 0x09, 0x2d,
0x09, 0x41, 0x70, 0x72, 0x09, 0x53, 0x75, 0x6e, 0x3e, 0x3d, 0x31, 0x09, 0x32, 0x3a, 0x30, 0x30,
0x09, 0x31, 0x3a, 0x30, 0x30, 0x09, 0x44, 0x0a, 0x52, 0x75, 0x6c, 0x65, 0x09, 0x4d, 0x65, 0x78,
0x69, 0x63, 0x6f, 0x09, 0x32, 0x30, 0x30, 0x32, 0x09, 0x32, 0x30, 0x32, 0x32, 0x09, 0x2d, 0x09,
0x4f, 0x63, 0x74, 0x09, 0x6c, 0x61, 0x73, 0x74, 0x53, 0x75, 0x6e, 0x09, 0x32, 0x3a, 0x30, 0x30,
0x09, 0x30, 0x09, 0x53, 0x0a, 0x5a, 0x6f, 0x6e, 0x65, 0x20, 0x41, 0x6d, 0x65, 0x72, 0x69, 0x63,
0x61, 0x2f, 0x43, 0x61, 0x6e, 0x63, 0x75, 0x6e, 0x09, 0x2d, 0x35, 0x3a, 0x34, 0x37, 0x3a, 0x30,
0x34, 0x20, 0x2d, 0x09, 0x4c, 0x4d, 0x54, 0x09, 0x31, 0x39, 0x32, 0x32, 0x20, 0x4a, 0x61, 0x6e,
0x20, 0x20, 0x31, 0x20, 0x20, 0x36, 0x3a, 0x30, 0x30, 0x75, 0x0a, 0x09, 0x09, 0x09, 0x2d, 0x36,
0x3a, 0x30, 0x30, 0x09, 0x2d, 0x09, 0x43, 0x53, 0x54, 0x09, 0x31, 0x39, 0x38, 0x31, 0x20, 0x44,
0x65, 0x63, 0x20, 0x32, 0x33, 0x0a, 0x09, 0x09, 0x09, 0x2d, 0x35, 0x3a, 0x30, 0x30, 0x09, 0x4d,
0x65, 0x78, 0x69, 0x63, 0x6f, 0x09, 0x45, 0x25, 0x73, 0x54, 0x09, 0x31, 0x39, 0x39, 0x38, 0x20,
0x41, 0x75, 0x67, 0x20, 0x20, 0x32, 0x20, 0x20, 0x32, 0x3a, 0x30, 0x30, 0x0a, 0x09, 0x09, 0x09,
0x2d, 0x36, 0x3a, 0x30, 0x30, 0x09, 0x4d, 0x65, 0x78, 0x69, 0x63, 0x6f, 0x09, 0x43, 0x25, 0x73,
0x54, 0x09, 0x32, 0x30, 0x31, 0x35, 0x20, 0x46, 0x65, 0x62, 0x20, 0x20, 0x31, 0x20, 0x20, 0x32,
0x3a, 0x30, 0x30, 0x0a, 0x09, 0x09, 0x09, 0x2d, 0x35, 0x3a, 0x30, 0x30, 0x09, 0x2d, 0x09, 0x45,
0x53, 0x54, 0x0a, 0x5a, 0x6f, 0x6e, 0x65, 0x20, 0x41, 0x6d, 0x65, 0x72, 0x69, 0x63, 0x61, 0x2f,
0x4d, 0x65, 0x72, 0x69, 0x64, 0x61, 0x09, 0x2d, 0x35, 0x3a, 0x35, 0x38, 0x3a, 0x32, 0x38, 0x20,
0x2d, 0x09, 0x4c, 0x4d, 0x54, 0x09, 0x31, 0x39, 0x32, 0x32, 0x20, 0x4a, 0x61, 0x6e, 0x20, 0x20,
0x31, 0x20, 0x20, 0x36, 0x3a, 0x30, 0x30, 0x75, 0x0a, 0x09, 0x09, 0x09, 0x2d, 0x36, 0x3a, 0x30,
0x30, 0x09, 0x2d, 0x09, 0x43, 0x53, 0x54, 0x09, 0x31, 0x39, 0x38, 0x31, 0x20, 0x44, 0x65, 0x63,
0x20, 0x32, 0x33, 0x0a, 0x09, 0x09, 0x09, 0x2d, 0x35, 0x3a, 0x30, 0x30, 0x09, 0x2d, 0x09, 0x45,
0x53, 0x54, 0x09, 0x31, 0x39, 0x38, 0x32, 0x20, 0x44, 0x65, 0x63, 0x20, 0x20, 0x32, 0x0a, 0x09,
0x09, 0x09, 0x2d, 0x36, 0x3a, 0x30, 0x30, 0x09, 0x4d, 0x65, 0x78, 0x69, 0x63, 0x6f, 0x09, 0x43,
0x25, 0x73, 0x54, 0x0a, 0x5a, 0x6f, 0x6e, 0x65, 0x20, 0x41, 0x6d, 0x65, 0x72, 0x69, 0x63, 0x61,
0x2f, 0x4d, 0x61, 0x74, 0x61, 0x6d, 0x6f, 0x72, 0x6f, 0x73, 0x09, 0x2d, 0x36, 0x3a, 0x33, 0x30,
0x3a, 0x30, 0x30, 0x20, 0x2d, 0x09, 0x4c, 0x4d, 0x54, 0x09, 0x31, 0x39, 0x32, 0x32, 0x20, 0x4a,
0x61, 0x6e, 0x20, 0x20, 0x31, 0x20, 0x20, 0x36, 0x3a, 0x30, 0x30, 0x75, 0x0a, 0x09, 0x09, 0x09,
0x2d, 0x36, 0x3a, 0x30, 0x30, 0x09, 0x2d, 0x09, 0x43, 0x53, 0x54, 0x09, 0x31, 0x39, 0x38, 0x38,
0x0a, 0x09, 0x09, 0x09, 0x2d, 0x36, 0x3a, 0x30, 0x30, 0x09, 0x55, 0x53, 0x09, 0x43, 0x25, 0x73,
0x54, 0x09, 0x31, 0x39, 0x38, 0x39, 0x0a, 0x09, 0x09, 0x09, 0x2d, 0x36, 0x3a, 0x30, 0x30, 0x09,
0x4d, 0x65, 0x78, 0x69, 0x63, 0x6f, 0x09, 0x43, 0x25, 0x73, 0x54, 0x09, 0x32, 0x30, 0x31, 0x30,
0x0a, 0x09, 0x09, 0x09, 0x2d, 0x36, 0x3a, 0x30, 0x30, 0x09, 0x55, 0x53, 0x09, 0x43, 0x25, 0x73,
0x54, 0x0a, 0x5a, 0x6f, 0x6e, 0x65, 0x20, 0x41, 0x6d, 0x65, 0x72, 0x69, 0x63, 0x61, 0x2f, 0x4d,
0x6f, 0x6e, 0x74, 0x65, 0x72, 0x72, 0x65, 0x79, 0x09, 0x2d, 0x36, 0x3a, 0x34, 0x31, 0x3a, 0x31,
0x36, 0x20, 0x2d, 0x09, 0x4c, 0x4d, 0x54, 0x09, 0x31, 0x39, 0x32, 0x32, 0x20, 0x4a, 0x61, 0x6e,
0x20, 0x20, 0x31, 0x20, 0x20, 0x36, 0x3a, 0x30, 0x30, 0x75, 0x0a, 0x09, 0x09, 0x09, 0x2d, 0x36,
0x3a, 0x30, 0x30, 0x09, 0x2d, 0x09, 0x43, 0x53, 0x54, 0x09, 0x31, 0x39, 0x38, 0x38, 0x0a, 0x09,
0x09, 0x09, 0x2d, 0x36, 0x3a, 0x30, 0x30, 0x09, 0x55, 0x53, 0x09, 0x43, 0x25, 0x73, 0x54, 0x09,
0x31, 0x39, 0x38, 0x39, 0x0a, 0x09, 0x09, 0x09, 0x2d, 0x36, 0x3a, 0x30, 0x30, 0x09, 0x4d, 0x65,
0x78, 0x69, 0x63, 0x6f, 0x09, 0x43, 0x25, 0x73, 0x54, 0x0a, 0x5a, 0x6f, 0x6e, 0x65, 0x20, 0x41,
0x6d, 0x65, 0x72, 0x69, 0x63, 0x61, 0x2f, 0x4d, 0x65, 0x78, 0x69, 0x63, 0x6f, 0x5f, 0x43, 0x69,
0x74, 0x79, 0x20, 0x2d, 0x36, 0x3a, 0x33, 0x36, 0x3a, 0x33, 0x36, 0x20, 0x2d, 0x09, 0x4c, 0x4d,
0x54, 0x09, 0x31, 0x39, 0x32, 0x32, 0x20, 0x4a, 0x61, 0x6e, 0x20, 0x20, 0x31, 0x20, 0x20, 0x37,
0x3a, 0x30, 0x30, 0x75, 0x0a, 0x09, 0x09, 0x09, 0x2d, 0x37, 0x3a, 0x30, 0x30, 0x09, 0x2d, 0x09,
0x4d, 0x53, 0x54, 0x09, 0x31, 0x39, 0x32, 0x37, 0x20, 0x4a, 0x75, 0x6e, 0x20, 0x31, 0x30, 0x20,
0x32, 0x33, 0x3a, 0x30, 0x30, 0x0a, 0x09, 0x09, 0x09, 0x2d, 0x36, 0x3a, 0x30, 0x30, 0x09, 0x2d,
0x09, 0x43, 0x53, 0x54, 0x09, 0x31, 0x39, 0x33, 0x30, 0x20, 0x4e, 0x6f, 0x76, 0x20, 0x31, 0x35,
0x0a, 0x09, 0x09, 0x09, 0x2d, 0x37, 0x3a, 0x30, 0x30, 0x09, 0x4d, 0x65, 0x78, 0x69, 0x63, 0x6f,
0x09, 0x4d, 0x25, 0x73, 0x54, 0x09, 0x31, 0x39, 0x33, 0x32, 0x20, 0x41, 0x70, 0x72, 0x20, 0x20,
0x31, 0x0a, 0x09, 0x09, 0x09, 0x2d, 0x36, 0x3a, 0x30, 0x30, 0x09, 0x4d, 0x65, 0x78, 0x69, 0x63,
0x6f, 0x09, 0x43, 0x25, 0x73, 0x54, 0x09, 0x32, 0x30, 0x30, 0x31, 0x20, 0x53, 0x65, 0x70, 0x20,
0x33, 0x30, 0x20, 0x20, 0x32, 0x3a, 0x30, 0x30, 0x0a, 0x09, 0x09, 0x09, 0x2d, 0x36, 0x3a, 0x30,
0x30, 0x09, 0x2d, 0x09, 0x43, 0x53, 0x54, 0x09, 0x32, 0x30, 0x30, 0x32, 0x20, 0x46, 0x65, 0x62,
0x20, 0x32, 0x30, 0x0a, 0x09, 0x09, 0x09, 0x2d, 0x36, 0x3a, 0x30, 0x30, 0x09, 0x4d, 0x65, 0x78,
0x69, 0x63, 0x6f, 0x09, 0x43, 0x25, 0x73, 0x54, 0x0a, 0x5a, 0x6f, 0x6e, 0x65, 0x20, 0x41, 0x6d,
0x65, 0x72, 0x69, 0x63, 0x61, 0x2f, 0x43, 0x69, 0x75, 0x64, 0x61, 0x64, 0x5f, 0x4a, 0x75, 0x61,
0x72, 0x65, 0x7a, 0x20, 0x2d, 0x37, 0x3a, 0x30, 0x35, 0x3a, 0x35, 0x36, 0x20, 0x2d, 0x09, 0x4c,
0x4d, 0x54, 0x09, 0x31, 0x39, 0x32, 0x32, 0x20, 0x4a, 0x61, 0x6e, 0x20, 0x20, 0x31, 0x20, 0x20,
0x37, 0x3a, 0x30, 0x30, 0x75, 0x0a, 0x09, 0x09, 0x09, 0x2d, 0x37, 0x3a, 0x30, 0x30, 0x09, 0x2d,
0x09, 0x4d, 0x53, 0x54, 0x09, 0x31, 0x39, 0x32, 0x37, 0x20, 0x4a, 0x75, 0x6e, 0x20, 0x31, 0x30,
0x20, 0x32, 0x33, 0x3a, 0x30, 0x30, 0x0a, 0x09, 0x09, 0x09, 0x2d, 0x36, 0x3a, 0x30, 0x30, 0x09,
0x2d, 0x09, 0x43, 0x53, 0x54, 0x09, 0x31, 0x39, 0x33, 0x30, 0x20, 0x4e, 0x6f, 0x76, 0x20, 0x31,
0x35, 0x0a, 0x09, 0x09, 0x09, 0x2d, 0x37, 0x3a, 0x30, 0x30, 0x09, 0x4d, 0x65, 0x78, 0x69, 0x63,
0x6f, 0x09, 0x4d, 0x25, 0x73, 0x54, 0x09, 0x31, 0x39, 0x33, 0x32, 0x20, 0x41, 0x70, 0x72, 0x20,
0x20, 0x31, 0x0a, 0x09, 0x09, 0x09, 0x2d, 0x36, 0x3a, 0x30, 0x30, 0x09, 0x2d, 0x09, 0x43, 0x53,
0x54, 0x09, 0x31, 0x39, 0x39, 0x36, 0x0a, 0x09, 0x09, 0x09, 0x2d, 0x36, 0x3a, 0x30, 0x30, 0x09,
0x4d, 0x65, 0x78, 0x69, 0x63, 0x6f, 0x09, 0x43, 0x25, 0x73, 0x54, 0x09, 0x31, 0x39, 0x39, 0x38,
0x0a, 0x09, 0x09, 0x09, 0x2d, 0x36, 0x3a, 0x30, 0x30, 0x09, 0x2d, 0x09, 0x43, 0x53, 0x54, 0x09,
0x31, 0x39, 0x39, 0x38, 0x20, 0x41, 0x70, 0x72, 0x20, 0x53, 0x75, 0x6e, 0x3e, 0x3d, 0x31, 0x20,
0x20, 0x33, 0x3a, 0x30, 0x30, 0x0a, 0x09, 0x09, 0x09, 0x2d, 0x37, 0x3a, 0x30, 0x30, 0x09, 0x4d,
0x65, 0x78, 0x69, 0x63, 0x6f, 0x09, 0x4d, 0x25, 0x73, 0x54, 0x09, 0x32, 0x30, 0x31, 0x30, 0x0a,
0x09, 0x09, 0x09, 0x2d, 0x37, 0x3a, 0x30, 0x30, 0x09, 0x55, 0x53, 0x09, 0x4d, 0x25, 0x73, 0x54,
0x09, 0x32, 0x30, 0x32, 0x32, 0x20, 0x4f, 0x63, 0x74, 0x20, 0x33, 0x30, 0x20, 0x20, 0x32, 0x3a,
0x30, 0x30, 0x0a, 0x09, 0x09, 0x09, 0x2d, 0x36, 0x3a, 0x30, 0x30, 0x09, 0x2d, 0x09, 0x43, 0x53,
0x54, 0x09, 0x32, 0x30, 0x32, 0x32, 0x20, 0x4e, 0x6f, 0x76, 0x20, 0x33, 0x30, 0x20, 0x20, 0x30,
0x3a, 0x30, 0x30, 0x0a, 0x09, 0x09, 0x09, 0x2d, 0x37, 0x3a, 0x30, 0x30, 0x09, 0x55, 0x53, 0x09,
0x4d, 0x25, 0x73, 0x54, 0x0a, 0x5a, 0x6f, 0x6e, 0x65, 0x20, 0x41, 0x6d, 0x65, 0x72, 0x69, 0x63,
0x61, 0x2f, 0x4f, 0x6a, 0x69, 0x6e, 0x61, 0x67, 0x61, 0x09, 0x2d, 0x36, 0x3a, 0x35, 0x37, 0x3a,
0x34, 0x30, 0x20, 0x2d, 0x09, 0x4c, 0x4d, 0x54, 0x09, 0x31, 0x39, 0x32, 0x32, 0x20, 0x4a, 0x61,
0x6e, 0x20, 0x20, 0x31, 0x20, 0x20, 0x37, 0x3a, 0x30, 0x30, 0x75, 0x0a, 0x09, 0x09, 0x09, 0x2d,
0x37, 0x3a, 0x30, 0x30, 0x09, 0x2d, 0x09, 0x4d, 0x53, 0x54, 0x09, 0x31, 0x39, 0x32, 0x37, 0x20,
0x4a, 0x75, 0x6e, 0x20, 0x31, 0x30, 0x20, 0x32, 0x33, 0x3a, 0x30, 0x30, 0x0a, 0x09, 0x09, 0x09,
0x2d, 0x36, 0x3a, 0x30, 0x30, 0x09, 0x2d, 0x09, 0x43, 0x53, 0x54, 0x09, 0x31, 0x39, 0x33, 0x30,
0x20, 0x4e, 0x6f, 0x76, 0x20, 0x31, 0x35, 0x0a, 0x09, 0x09, 0x09, 0x2d, 0x37, 0x3a, 0x30, 0x30,
0x09, 0x4d, 0x65, 0x78, 0x69, 0x63, 0x6f, 0x09, 0x4d, 0x25, 0x73, 0x54, 0x09, 0x31, 0x39, 0x33,
0x32, 0x20, 0x41, 0x70, 0x72, 0x20, 0x20, 0x31, 0x0a, 0x09, 0x09, 0x09, 0x2d, 0x36, 0x3a, 0x30,
0x30, 0x09, 0x2d, 0x09, 0x43, 0x53, 0x54, 0x09, 0x31, 0x39, 0x39, 0x36, 0x0a, 0x09, 0x09, 0x09,
0x2d, 0x36, 0x3a, 0x30, 0x30, 0x09, 0x4d, 0x65, 0x78, 0x69, 0x63, 0x6f, 0x09, 0x43, 0x25, 0x73,
0x54, 0x09, 0x31, 0x39, 0x39, 0x38, 0x0a, 0x09, 0x09, 0x09, 0x2d, 0x36, 0x3a, 0x30, 0x30, 0x09,
0x2d, 0x09, 0x43, 0x53, 0x54, 0x09, 0x31, 0x39, 0x39, 0x38, 0x20, 0x41, 0x70, 0x72, 0x20, 0x53,
0x75, 0x6e, 0x3e, 0x3d, 0x31, 0x20, 0x20, 0x33, 0x3a, 0x30, 0x30, 0x0a, 0x09, 0x09, 0x09, 0x2d,
0x37, 0x3a, 0x30, 0x30, 0x09, 0x4d, 0x65, 0x78, 0x69, 0x63, 0x6f, 0x09, 0x4d, 0x25, 0x73, 0x54,
0x09, 0x32, 0x30, 0x31, 0x30, 0x0a, 0x09, 0x09, 0x09, 0x2d, 0x37, 0x3a, 0x30, 0x30, 0x09, 0x55,
0x53, 0x09, 0x4d, 0x25, 0x73, 0x54, 0x09, 0x32, 0x30, 0x32, 0x32, 0x20, 0x4f, 0x63, 0x74, 0x20,
0x33, 0x30, 0x20, 0x20, 0x32, 0x3a, 0x30, 0x30, 0x0a, 0x09, 0x09, 0x09, 0x2d, 0x36, 0x3a, 0x30,
0x30, 0x09, 0x2d, 0x09, 0x43, 0x53, 0x54, 0x09, 0x32, 0x30, 0x32, 0x32, 0x20, 0x4e, 0x6f, 0x76,
0x20, 0x33, 0x30, 0x20, 0x20, 0x30, 0x3a, 0x30, 0x30, 0x0a, 0x09, 0x09, 0x09, 0x2d, 0x36, 0x3a,
0x30, 0x30, 0x09, 0x55, 0x53, 0x09, 0x43, 0x25, 0x73, 0x54, 0x0a, 0x5a, 0x6f, 0x6e, 0x65, 0x20,
0x41, 0x6d, 0x65, 0x72, 0x69, 0x63, 0x61, 0x2f, 0x43, 0x68, 0x69, 0x68, 0x75, 0x61, 0x68, 0x75,
0x61, 0x09, 0x2d, 0x37, 0x3a, 0x30, 0x34, 0x3a, 0x32, 0x30, 0x20, 0x2d, 0x09, 0x4c, 0x4d, 0x54,
0x09, 0x31, 0x39, 0x32, 0x32, 0x20, 0x4a, 0x61, 0x6e, 0x20, 0x20, 0x31, 0x20, 0x20, 0x37, 0x3a,
0x30, 0x30, 0x75, 0x0a, 0x09, 0x09, 0x09, 0x2d, 0x37, 0x3a, 0x30, 0x30, 0x09, 0x2d, 0x09, 0x4d,
0x53, 0x54, 0x09, 0x31, 0x39, 0x32, 0x37, 0x20, 0x4a, 0x75, 0x6e, 0x20, 0x31, 0x30, 0x20, 0x32,
0x33, 0x3a, 0x30, 0x30, 0x0a, 0x09, 0x09, 0x09, 0x2d, 0x36, 0x3a, 0x30, 0x30, 0x09, 0x2d, 0x09,
0x43, 0x53, 0x54, 0x09, 0x31, 0x39, 0x33, 0x30, 0x20, 0x4e, 0x6f, 0x76, 0x20, 0x31, 0x35, 0x0a,
0x09, 0x09, 0x09, 0x2d, 0x37, 0x3a, 0x30, 0x30, 0x09, 0x4d, 0x65, 0x78, 0x69, 0x63, 0x6f, 0x09,
0x4d, 0x25, 0x73, 0x54, 0x09, 0x31, 0x39, 0x33, 0x32, 0x20, 0x41, 0x70, 0x72, 0x20, 0x20, 0x31,
0x0a, 0x09, 0x09, 0x09, 0x2d, 0x36, 0x3a, 0x30, 0x30, 0x09, 0x2d, 0x09, 0x43, 0x53, 0x54, 0x09,
0x31, 0x39, 0x39, 0x36, 0x0a, 0x09, 0x09, 0x09, 0x2d, 0x36, 0x3a, 0x30, 0x30, 0x09, 0x4d, 0x65,
0x78, 0x69, 0x63, 0x6f, 0x09, 0x43, 0x25, 0x73, 0x54, 0x09, 0x31, 0x39, 0x39, 0x38, 0x0a, 0x09,
0x09, 0x09, 0x2d, 0x36, 0x3a, 0x30, 0x30, 0x09, 0x2d, 0x09, 0x43, 0x53, 0x54, 0x09, 0x31, 0x39,
0x39, 0x38, 0x20, 0x41, 0x70, 0x72, 0x20, 0x53, 0x75, 0x6e, 0x3e, 0x3d, 0x31, 0x20, 0x20, 0x33,
0x3a, 0x30, 0x30, 0x0a, 0x09, 0x09, 0x09, 0x2d, 0x37, 0x3a, 0x30, 0x30, 0x09, 0x4d, 0x65, 0x78,
0x69, 0x63, 0x6f, 0x09, 0x4d, 0x25, 0x73, 0x54, 0x09, 0x32, 0x30, 0x32, 0x32, 0x20, 0x4f, 0x63,
0x74, 0x20, 0x33, 0x30, 0x20, 0x20, 0x32, 0x3a, 0x30, 0x30, 0x0a, 0x09, 0x09, 0x09, 0x2d, 0x36,
0x3a, 0x30, 0x30, 0x09, 0x2d, 0x09, 0x43, 0x53, 0x54, 0x0a, 0x5a, 0x6f, 0x6e, 0x65, 0x20, 0x41,
0x6d, 0x65, 0x72, 0x69, 0x63, 0x61, 0x2f, 0x48, 0x65, 0x72, 0x6d, 0x6f, 0x73, 0x69, 0x6c, 0x6c,
0x6f, 0x09, 0x2d, 0x37, 0x3a, 0x32, 0x33, 0x3a, 0x35, 0x32, 0x20, 0x2d, 0x09, 0x4c, 0x4d, 0x54,
0x09, 0x31, 0x39, 0x32, 0x32, 0x20, 0x4a, 0x61, 0x6e, 0x20, 0x20, 0x31, 0x20, 0x20, 0x37, 0x3a,
0x30, 0x30, 0x75, 0x0a, 0x09, 0x09, 0x09, 0x2d, 0x37, 0x3a, 0x30, 0x30, 0x09, 0x2d, 0x09, 0x4d,
0x53, 0x54, 0x09, 0x31, 0x39, 0x32, 0x37, 0x20, 0x4a, 0x75, 0x6e, 0x20, 0x31, 0x30, 0x20, 0x32,
0x33, 0x3a, 0x30, 0x30, 0x0a, 0x09, 0x09, 0x09, 0x2d, 0x36, 0x3a, 0x30, 0x30, 0x09, 0x2d, 0x09,
0x43, 0x53, 0x54, 0x09, 0x31, 0x39, 0x33, 0x30, 0x20, 0x4e, 0x6f, 0x76, 0x20, 0x31, 0x35, 0x0a,
0x09, 0x09, 0x09, 0x2d, 0x37, 0x3a, 0x30, 0x30, 0x09, 0x4d, 0x65, 0x78, 0x69, 0x63, 0x6f, 0x09,
0x4d, 0x25, 0x73, 0x54, 0x09, 0x31, 0x39, 0x33, 0x32, 0x20, 0x41, 0x70, 0x72, 0x20, 0x20, 0x31,
0x0a, 0x09, 0x09, 0x09, 0x2d, 0x36, 0x3a, 0x30, 0x30, 0x09, 0x2d, 0x09, 0x43, 0x53, 0x54, 0x09,
0x31, 0x39, 0x34, 0x32, 0x20, 0x41, 0x70, 0x72, 0x20, 0x32, 0x34, 0x0a, 0x09, 0x09, 0x09, 0x2d,
0x37, 0x3a, 0x30, 0x30, 0x09, 0x2d, 0x09, 0x4d, 0x53, 0x54, 0x09, 0x31, 0x39, 0x34, 0x39, 0x20,
0x4a, 0x61, 0x6e, 0x20, 0x31, 0x34, 0x0a, 0x09, 0x09, 0x09, 0x2d, 0x38, 0x3a, 0x30, 0x30, 0x09,
0x2d, 0x09, 0x50, 0x53, 0x54, 0x09, 0x31, 0x39, 0x37, 0x30, 0x0a, 0x09, 0x09, 0x09, 0x2d, 0x37,
0x3a, 0x30, 0x30, 0x09, 0x4d, 0x65, 0x78, 0x69, 0x63, 0x6f, 0x09, 0x4d, 0x25, 0x73, 0x54, 0x09,
0x31, 0x39, 0x39, 0x39, 0x0a, 0x09, 0x09, 0x09, 0x2d, 0x37, 0x3a, 0x30, 0x30, 0x09, 0x2d, 0x09,
0x4d, 0x53, 0x54, 0x0a, 0x5a, 0x6f, 0x6e, 0x65, 0x20, 0x41, 0x6d, 0x65, 0x72, 0x69, 0x63, 0x61,
0x2f, 0x4d, 0x61, 0x7a, 0x61, 0x74, 0x6c, 0x61, 0x6e, 0x09, 0x2d, 0x37, 0x3a, 0x30, 0x35, 0x3a,
0x34, 0x30, 0x20, 0x2d, 0x09, 0x4c, 0x4d, 0x54, 0x09, 0x31, 0x39, 0x32, 0x32, 0x20, 0x4a, 0x61,
0x6e, 0x20, 0x20, 0x31, 0x20, 0x20, 0x37, 0x3a, 0x30, 0x30, 0x75, 0x0a, 0x09, 0x09, 0x09, 0x2d,
0x37, 0x3a, 0x30, 0x30, 0x09, 0x2d, 0x09, 0x4d, 0x53, 0x54, 0x09, 0x31, 0x39, 0x32, 0x37, 0x20,
0x4a, 0x75, 0x6e, 0x20, 0x31, 0x30, 0x20, 0x32, 0x33, 0x3a, 0x30, 0x30, 0x0a, 0x09, 0x09, 0x09,
0x2d, 0x36, 0x3a, 0x30, 0x30, 0x09, 0x2d, 0x09, 0x43, 0x53, 0x54, 0x09, 0x31, 0x39, 0x33, 0x30,
0x20, 0x4e, 0x6f, 0x76, 0x20, 0x31, 0x35, 0x0a, 0x09, 0x09, 0x09, 0x2d, 0x37, 0x3a, 0x30, 0x30,
0x09, 0x4d, 0x65, 0x78, 0x69, 0x63, 0x6f, 0x09, 0x4d, 0x25, 0x73, 0x54, 0x09, 0x31, 0x39, 0x33,
0x32, 0x20, 0x41, 0x70, 0x72, 0x20, 0x20, 0x31, 0x0a, 0x09, 0x09, 0x09, 0x2d, 0x36, 0x3a, 0x30,
0x30, 0x09, 0x2d, 0x09, 0x43, 0x53, 0x54, 0x09, 0x31, 0x39, 0x34, 0x32, 0x20, 0x41, 0x70, 0x72,
0x20, 0x32, 0x34, 0x0a, 0x09, 0x09, 0x09, 0x2d, 0x37, 0x3a, 0x30, 0x30, 0x09, 0x2d, 0x09, 0x4d,
0x53, 0x54, 0x09, 0x31, 0x39, 0x34, 0x39, 0x20, 0x4a, 0x61, 0x6e, 0x20, 0x31, 0x34, 0x0a, 0x09,
0x09, 0x09, 0x2d, 0x38, 0x3a, 0x30, 0x30, 0x09, 0x2d, 0x09, 0x50, 0x53, 0x54, 0x09, 0x31, 0x39,
0x37, 0x30, 0x0a, 0x09, 0x09, 0x09, 0x2d, 0x37, 0x3a, 0x30, 0x30, 0x09, 0x4d, 0x65, 0x78, 0x69,
0x63, 0x6f, 0x09, 0x4d, 0x25, 0x73, 0x54, 0x0a, 0x5a, 0x6f, 0x6e, 0x65, 0x20, 0x41, 0x6d, 0x65,
0x72, 0x69, 0x63, 0x61, 0x2f, 0x42, 0x61, 0x68, 0x69, 0x61, 0x5f, 0x42, 0x61, 0x6e, 0x64, 0x65,
0x72, 0x61, 0x73, 0x20, 0x2d, 0x37, 0x3a, 0x30, 0x31, 0x3a, 0x30, 0x30, 0x20, 0x2d, 0x09, 0x4c,
0x4d, 0x54, 0x09, 0x31, 0x39, 0x32, 0x32, 0x20, 0x4a, 0x61, 0x6e, 0x20, 0x20, 0x31, 0x20, 0x20,
0x37, 0x3a, 0x30, 0x30, 0x75, 0x0a, 0x09, 0x09, 0x09, 0x2d, 0x37, 0x3a, 0x30, 0x30, 0x09, 0x2d,
0x09, 0x4d, 0x53, 0x54, 0x09, 0x31, 0x39, 0x32, 0x37, 0x20, 0x4a, 0x75, 0x6e, 0x20, 0x31, 0x30,
0x20, 0x32, 0x33, 0x3a, 0x30, 0x30, 0x0a, 0x09, 0x09, 0x09, 0x2d, 0x36, 0x3a, 0x30, 0x30, 0x09,
0x2d, 0x09, 0x43, 0x53, 0x54, 0x09, 0x31, 0x39, 0x33, 0x30, 0x20, 0x4e, 0x6f, 0x76, 0x20, 0x31,
0x35, 0x0a, 0x09, 0x09, 0x09, 0x2d, 0x37, 0x3a, 0x30, 0x30, 0x09, 0x4d, 0x65, 0x78, 0x69, 0x63,
0x6f, 0x09, 0x4d, 0x25, 0x73, 0x54, 0x09, 0x31, 0x39, 0x33, 0x32, 0x20, 0x41, 0x70, 0x72, 0x20,
0x20, 0x31, 0x0a, 0x09, 0x09, 0x09, 0x2d, 0x36, 0x3a, 0x30, 0x30, 0x09, 0x2d, 0x09, 0x43, 0x53,
0x54, 0x09, 0x31, 0x39, 0x34, 0x32, 0x20, 0x41, 0x70, 0x72, 0x20, 0x32, 0x34, 0x0a, 0x09, 0x09,
0x09, 0x2d, 0x37, 0x3a, 0x30, 0x30, 0x09, 0x2d, 0x09, 0x4d, 0x53, 0x54, 0x09, 0x31, 0x39, 0x34,
0x39, 0x20, 0x4a, 0x61, 0x6e, 0x20, 0x31, 0x34, 0x0a, 0x09, 0x09, 0x09, 0x2d, 0x38, 0x3a, 0x30,
0x30, 0x09, 0x2d, 0x09, 0x50, 0x53, 0x54, 0x09, 0x31, 0x39, 0x37, 0x30, 0x0a, 0x09, 0x09, 0x09,
0x2d, 0x37, 0x3a, 0x30, 0x30, 0x09, 0x4d, 0x65, 0x78, 0x69, 0x63, 0x6f, 0x09, 0x4d, 0x25, 0x73,
0x54, 0x09, 0x32, 0x30, 0x31, 0x30, 0x20, 0x41, 0x70, 0x72, 0x20, 0x20, 0x34, 0x20, 0x20, 0x32,
0x3a, 0x30, 0x30, 0x0a, 0x09, 0x09, 0x09, 0x2d, 0x36, 0x3a, 0x30, 0x30, 0x09, 0x4d, 0x65, 0x78,
0x69, 0x63, 0x6f, 0x09, 0x43, 0x25, 0x73, 0x54, 0x0a, 0x5a, 0x6f, 0x6e, 0x65, 0x20, 0x41, 0x6d,
0x65, 0x72, 0x69, 0x63, 0x61, 0x2f, 0x54, 0x69, 0x6a, 0x75, 0x61, 0x6e, 0x61, 0x09, 0x2d, 0x37,
0x3a, 0x34, 0x38, 0x3a, 0x30, 0x34, 0x20, 0x2d, 0x09, 0x4c, 0x4d, 0x54, 0x09, 0x31, 0x39, 0x32,
0x32, 0x20, 0x4a, 0x61, 0x6e, 0x20, 0x20, 0x31, 0x20, 0x20, 0x37, 0x3a, 0x30, 0x30, 0x75, 0x0a,
0x09, 0x09, 0x09, 0x2d, 0x37, 0x3a, 0x30, 0x30, 0x09, 0x2d, 0x09, 0x4d, 0x53, 0x54, 0x09, 0x31,
0x39, 0x32, 0x34, 0x0a, 0x09, 0x09, 0x09, 0x2d, 0x38, 0x3a, 0x30, 0x30, 0x09, 0x2d, 0x09, 0x50,
0x53, 0x54, 0x09, 0x31, 0x39, 0x32, 0x37, 0x20, 0x4a, 0x75, 0x6e, 0x20, 0x31, 0x30, 0x20, 0x32,
0x33, 0x3a, 0x30, 0x30, 0x0a, 0x09, 0x09, 0x09, 0x2d, 0x37, 0x3a, 0x30, 0x30, 0x09, 0x2d, 0x09,
0x4d, 0x53, 0x54, 0x09, 0x31, 0x39, 0x33, 0x30, 0x20, 0x4e, 0x6f, 0x76, 0x20, 0x31, 0x35, 0x0a,
0x09, 0x09, 0x09, 0x2d, 0x38, 0x3a, 0x30, 0x30, 0x09, 0x2d, 0x09, 0x50, 0x53, 0x54, 0x09, 0x31,
0x39, 0x33, 0x31, 0x20, 0x41, 0x70, 0x72, 0x20, 0x20, 0x31, 0x0a, 0x09, 0x09, 0x09, 0x2d, 0x38,
0x3a, 0x30, 0x30, 0x09, 0x31, 0x3a, 0x30, 0x30, 0x09, 0x50, 0x44, 0x54, 0x09, 0x31, 0x39, 0x33,
0x31, 0x20, 0x53, 0x65, 0x70, 0x20, 0x33, 0x30, 0x0a, 0x09, 0x09, 0x09, 0x2d, 0x38, 0x3a, 0x30,
0x30, 0x09, 0x2d, 0x09, 0x50, 0x53, 0x54, 0x09, 0x31, 0x39, 0x34, 0x32, 0x20, 0x41, 0x70, 0x72,
0x20, 0x32, 0x34, 0x0a, 0x09, 0x09, 0x09, 0x2d, 0x38, 0x3a, 0x30, 0x30, 0x09, 0x31, 0x3a, 0x30,
0x30, 0x09, 0x50, 0x57, 0x54, 0x09, 0x31, 0x39, 0x34, 0x35, 0x20, 0x41, 0x75, 0x67, 0x20, 0x31,
0x34, 0x20, 0x32, 0x33, 0x3a, 0x30, 0x30, 0x75, 0x0a, 0x09, 0x09, 0x09, 0x2d, 0x38, 0x3a, 0x30,
0x30, 0x09, 0x31, 0x3a, 0x30, 0x30, 0x09, 0x50, 0x50, 0x54, 0x09, 0x31, 0x39, 0x34, 0x35, 0x20,
0x4e, 0x6f, 0x76, 0x20, 0x31, 0x32, 0x20, 0x23, 0x20, 0x50, 0x65, 0x61, 0x63, 0x65, 0x0a, 0x09,
0x09, 0x09, 0x2d, 0x38, 0x3a, 0x30, 0x30, 0x09, 0x2d, 0x09, 0x50, 0x53, 0x54, 0x09, 0x31, 0x39,
0x34, 0x38, 0x20, 0x41, 0x70, 0x72, 0x20, 0x20, 0x35, 0x0a, 0x09, 0x09, 0x09, 0x2d, 0x38, 0x3a,
0x30, 0x30, 0x09, 0x31, 0x3a, 0x30, 0x30, 0x09, 0x50, 0x44, 0x54, 0x09, 0x31, 0x39, 0x34, 0x39,
0x20, 0x4a, 0x61, 0x6e, 0x20, 0x31, 0x34, 0x0a, 0x09, 0x09, 0x09, 0x2d, 0x38, 0x3a, 0x30, 0x30,
0x09, 0x2d, 0x09, 0x50, 0x53, 0x54, 0x09, 0x31, 0x39, 0x35, 0x34, 0x0a, 0x09, 0x09, 0x09, 0x2d,
0x38, 0x3a, 0x30, 0x30, 0x09, 0x43, 0x41, 0x09, 0x50, 0x25, 0x73, 0x54, 0x09, 0x31, 0x39, 0x36,
0x31, 0x0a, 0x09, 0x09, 0x09, 0x2d, 0x38, 0x3a, 0x30, 0x30, 0x09, 0x2d, 0x09, 0x50, 0x53, 0x54,
0x09, 0x31, 0x39, 0x37, 0x36, 0x0a, 0x09, 0x09, 0x09, 0x2d, 0x38, 0x3a, 0x30, 0x30, 0x09, 0x55,
0x53, 0x09, 0x50, 0x25, 0x73, 0x54, 0x09, 0x31, 0x39, 0x39, 0x36, 0x0a, 0x09, 0x09, 0x09, 0x2d,
0x38, 0x3a, 0x30, 0x30, 0x09, 0x4d, 0x65, 0x78, 0x69, 0x63, 0x6f, 0x09, 0x50, 0x25, 0x73, 0x54,
0x09, 0x32, 0x30, 0x30, 0x31, 0x0a, 0x09, 0x09, 0x09, 0x2d, 0x38, 0x3a, 0x30, 0x30, 0x09, 0x55,
0x53, 0x09, 0x50, 0x25, 0x73, 0x54, 0x09, 0x32, 0x30, 0x30, 0x32, 0x20, 0x46, 0x65, 0x62, 0x20,
0x32, 0x30, 0x0a, 0x09, 0x09, 0x09, 0x2d, 0x38, 0x3a, 0x30, 0x30, 0x09, 0x4d, 0x65, 0x78, 0x69,
0x63, 0x6f, 0x09, 0x50, 0x25, 0x73, 0x54, 0x09, 0x32, 0x30, 0x31, 0x30, 0x0a, 0x09, 0x09, 0x09,
0x2d, 0x38, 0x3a, 0x30, 0x30, 0x09, 0x55, 0x53, 0x09, 0x50, 0x25, 0x73, 0x54, 0x0a, 0x52, 0x75,
0x6c, 0x65, 0x09, 0x42, 0x61, 0x72, 0x62, 0x09, 0x31, 0x39, 0x34, 0x32, 0x09, 0x6f, 0x6e, 0x6c,
0x79, 0x09, 0x2d, 0x09, 0x41, 0x70, 0x72, 0x09, 0x31, 0x39, 0x09, 0x35, 0x3a, 0x30, 0x30, 0x75,
0x09, 0x31, 0x3a, 0x30, 0x30, 0x09, 0x44, 0x0a, 0x52, 0x75, 0x6c, 0x65, 0x09, 0x42, 0x61, 0x72,
0x62, 0x09, 0x31, 0x39, 0x34, 0x32, 0x09, 0x6f, 0x6e, 0x6c, 0x79, 0x09, 0x2d, 0x09, 0x41, 0x75,
0x67, 0x09, 0x33, 0x31, 0x09, 0x36, 0x3a, 0x30, 0x30, 0x75, 0x09, 0x30, 0x09, 0x53, 0x0a, 0x52,
0x75, 0x6c, 0x65, 0x09, 0x42, 0x61, 0x72, 0x62, 0x09, 0x31, 0x39, 0x34, 0x33, 0x09, 0x6f, 0x6e,
0x6c, 0x79, 0x09, 0x2d, 0x09, 0x4d, 0x61, 0x79, 0x09, 0x20, 0x32, 0x09, 0x35, 0x3a, 0x30, 0x30,
0x75, 0x09, 0x31, 0x3a, 0x30, 0x30, 0x09, 0x44, 0x0a, 0x52, 0x75, 0x6c, 0x65, 0x09, 0x42, 0x61,
0x72, 0x62, 0x09, 0x31, 0x39, 0x34, 0x33, 0x09, 0x6f, 0x6e, 0x6c, 0x79, 0x09, 0x2d, 0x09, 0x53,
0x65, 0x70, 0x09, 0x20, 0x35, 0x09, 0x36, 0x3a, 0x30, 0x30, 0x75, 0x09, 0x30, 0x09, 0x53, 0x0a,
0x52, 0x75, 0x6c, 0x65, 0x09, 0x42, 0x61, 0x72, 0x62, 0x09, 0x31, 0x39, 0x34, 0x34, 0x09, 0x6f,
0x6e, 0x6c, 0x79, 0x09, 0x2d, 0x09, 0x41, 0x70, 0x72, 0x09, 0x31, 0x30, 0x09, 0x35, 0x3a, 0x30,
0x30, 0x75, 0x09, 0x30, 0x3a, 0x33, 0x30, 0x09, 0x2d, 0x0a, 0x52, 0x75, 0x6c, 0x65, 0x09, 0x42,
0x61, 0x72, 0x62, 0x09, 0x31, 0x39, 0x34, 0x34, 0x09, 0x6f, 0x6e, 0x6c, 0x79, 0x09, 0x2d, 0x09,
0x53, 0x65, 0x70, 0x09, 0x31, 0x30, 0x09, 0x36, 0x3a, 0x30, 0x30, 0x75, 0x09, 0x30, 0x09, 0x53,
0x0a, 0x52, 0x75, 0x6c, 0x65, 0x09, 0x42, 0x61, 0x72, 0x62, 0x09, 0x31, 0x39, 0x37, 0x37, 0x09,
0x6f, 0x6e, 0x6c, 0x79, 0x09, 0x2d, 0x09, 0x4a, 0x75, 0x6e, 0x09, 0x31, 0x32, 0x09, 0x32, 0x3a,
0x30, 0x30, 0x09, 0x31, 0x3a, 0x30, 0x30, 0x09, 0x44, 0x0a, 0x52, 0x75, 0x6c, 0x65, 0x09, 0x42,
0x61, 0x72, 0x62, 0x09, 0x31, 0x39, 0x37, 0x37, 0x09, 0x31, 0x39, 0x37, 0x38, 0x09, 0x2d, 0x09,
0x4f, 0x63, 0x74, 0x09, 0x53, 0x75, 0x6e, 0x3e, 0x3d, 0x31, 0x09, 0x32, 0x3a, 0x30, 0x30, 0x09,
0x30, 0x09, 0x53, 0x0a, 0x52, 0x75, 0x6c, 0x65, 0x09, 0x42, 0x61, 0x72, 0x62, 0x09, 0x31, 0x39,
0x37, 0x38, 0x09, 0x31, 0x39, 0x38, 0x30, 0x09, 0x2d, 0x09, 0x41, 0x70, 0x72, 0x09, 0x53, 0x75,
0x6e, 0x3e, 0x3d, 0x31, 0x35, 0x09, 0x32, 0x3a, 0x30, 0x30, 0x09, 0x31, 0x3a, 0x30, 0x30, 0x09,
0x44, 0x0a, 0x52, 0x75, 0x6c, 0x65, 0x09, 0x42, 0x61, 0x72, 0x62, 0x09, 0x31, 0x39, 0x37, 0x39,
0x09, 0x6f, 0x6e, 0x6c, 0x79, 0x09, 0x2d, 0x09, 0x53, 0x65, 0x70, 0x09, 0x33, 0x30, 0x09, 0x32,
0x3a, 0x30, 0x30, 0x09, 0x30, 0x09, 0x53, 0x0a, 0x52, 0x75, 0x6c, 0x65, 0x09, 0x42, 0x61, 0x72,
0x62, 0x09, 0x31, 0x39, 0x38, 0x30, 0x09, 0x6f, 0x6e, 0x6c, 0x79, 0x09, 0x2d, 0x09, 0x53, 0x65,
0x70, 0x09, 0x32, 0x35, 0x09, 0x32, 0x3a, 0x30, 0x30, 0x09, 0x30, 0x09, 0x53, 0x0a, 0x09, 0x09,
0x23, 0x53, 0x54, 0x44, 0x4f, 0x46, 0x46, 0x09, 0x2d, 0x33, 0x3a, 0x35, 0x38, 0x3a, 0x32, 0x39,
0x2e, 0x32, 0x0a, 0x5a, 0x6f, 0x6e, 0x65, 0x20, 0x41, 0x6d, 0x65, 0x72, 0x69, 0x63, 0x61, 0x2f,
0x42, 0x61, 0x72, 0x62, 0x61, 0x64, 0x6f, 0x73, 0x09, 0x2d, 0x33, 0x3a, 0x35, 0x38, 0x3a, 0x32,
0x39, 0x20, 0x2d, 0x09, 0x4c, 0x4d, 0x54, 0x09, 0x31, 0x39, 0x31, 0x31, 0x20, 0x41, 0x75, 0x67,
0x20, 0x32, 0x38, 0x20, 0x23, 0x20, 0x42, 0x72, 0x69, 0x64, 0x67, 0x65, 0x74, 0x6f, 0x77, 0x6e,
0x0a, 0x09, 0x09, 0x09, 0x2d, 0x34, 0x3a, 0x30, 0x30, 0x09, 0x42, 0x61, 0x72, 0x62, 0x09, 0x41,
0x25, 0x73, 0x54, 0x09, 0x31, 0x39, 0x34, 0x34, 0x0a, 0x09, 0x09, 0x09, 0x2d, 0x34, 0x3a, 0x30,
0x30, 0x09, 0x42, 0x61, 0x72, 0x62, 0x09, 0x41, 0x53, 0x54, 0x2f, 0x2d, 0x30, 0x33, 0x33, 0x30,
0x20, 0x31, 0x39, 0x34, 0x35, 0x0a, 0x09, 0x09, 0x09, 0x2d, 0x34, 0x3a, 0x30, 0x30, 0x09, 0x42,
0x61, 0x72, 0x62, 0x09, 0x41, 0x25, 0x73, 0x54, 0x0a, 0x52, 0x75, 0x6c, 0x65, 0x09, 0x42, 0x65,
0x6c, 0x69, 0x7a, 0x65, 0x09, 0x31, 0x39, 0x31, 0x38, 0x09, 0x31, 0x39, 0x34, 0x31, 0x09, 0x2d,
0x09, 0x4f, 0x63, 0x74, 0x09, 0x53, 0x61, 0x74, 0x3e, 0x3d, 0x31, 0x09, 0x32, 0x34, 0x3a, 0x30,
0x30, 0x09, 0x30, 0x3a, 0x33, 0x30, 0x09, 0x2d, 0x30, 0x35, 0x33, 0x30, 0x0a, 0x52, 0x75, 0x6c,
0x65, 0x09, 0x42, 0x65, 0x6c, 0x69, 0x7a, 0x65, 0x09, 0x31, 0x39, 0x31, 0x39, 0x09, 0x31, 0x39,
0x34, 0x32, 0x09, 0x2d, 0x09, 0x46, 0x65, 0x62, 0x09, 0x53, 0x61, 0x74, 0x3e, 0x3d, 0x38, 0x09,
0x32, 0x34, 0x3a, 0x30, 0x30, 0x09, 0x30, 0x09, 0x43, 0x53, 0x54, 0x0a, 0x52, 0x75, 0x6c, 0x65,
0x09, 0x42, 0x65, 0x6c, 0x69, 0x7a, 0x65, 0x09, 0x31, 0x39, 0x34, 0x32, 0x09, 0x6f, 0x6e, 0x6c,
0x79, 0x09, 0x2d, 0x09, 0x4a, 0x75, 0x6e, 0x09, 0x32, 0x37, 0x09, 0x32, 0x34, 0x3a, 0x30, 0x30,
0x09, 0x31, 0x3a, 0x30, 0x30, 0x09, 0x43, 0x57, 0x54, 0x0a, 0x52, 0x75, 0x6c, 0x65, 0x09, 0x42,
0x65, 0x6c, 0x69, 0x7a, 0x65, 0x09, 0x31, 0x39, 0x34, 0x35, 0x09, 0x6f, 0x6e, 0x6c, 0x79, 0x09,
0x2d, 0x09, 0x41, 0x75, 0x67, 0x09, 0x31, 0x34, 0x09, 0x32, 0x33, 0x3a, 0x30, 0x30, 0x75, 0x09,
0x31, 0x3a, 0x30, 0x30, 0x09, 0x43, 0x50, 0x54, 0x0a, 0x52, 0x75, 0x6c, 0x65, 0x09, 0x42, 0x65,
0x6c, 0x69, 0x7a, 0x65, 0x09, 0x31, 0x39, 0x34, 0x35, 0x09, 0x6f, 0x6e, 0x6c, 0x79, 0x09, 0x2d,
0x09, 0x44, 0x65, 0x63, 0x09, 0x31, 0x35, 0x09, 0x32, 0x34, 0x3a, 0x30, 0x30, 0x09, 0x30, 0x09,
0x43, 0x53, 0x54, 0x0a, 0x52, 0x75, 0x6c, 0x65, 0x09, 0x42, 0x65, 0x6c, 0x69, 0x7a, 0x65, 0x09,
0x31, 0x39, 0x34, 0x37, 0x09, 0x31, 0x39, 0x36, 0x37, 0x09, 0x2d, 0x09, 0x4f, 0x63, 0x74, 0x09,
0x53, 0x61, 0x74, 0x3e, 0x3d, 0x31, 0x09, 0x32, 0x34, 0x3a, 0x30, 0x30, 0x09, 0x30, 0x3a, 0x33,
0x30, 0x09, 0x2d, 0x30, 0x35, 0x33, 0x30, 0x0a, 0x52, 0x75, 0x6c, 0x65, 0x09, 0x42, 0x65, 0x6c,
0x69, 0x7a, 0x65, 0x09, 0x31, 0x39, 0x34, 0x38, 0x09, 0x31, 0x39, 0x36, 0x38, 0x09, 0x2d, 0x09,
0x46, 0x65, 0x62, 0x09, 0x53, 0x61, 0x74, 0x3e, 0x3d, 0x38, 0x09, 0x32, 0x34, 0x3a, 0x30, 0x30,
0x09, 0x30, 0x09, 0x43, 0x53, 0x54, 0x0a, 0x52, 0x75, 0x6c, 0x65, 0x09, 0x42, 0x65, 0x6c, 0x69,
0x7a, 0x65, 0x09, 0x31, 0x39, 0x37, 0x33, 0x09, 0x6f, 0x6e, 0x6c, 0x79, 0x09, 0x2d, 0x09, 0x44,
0x65, 0x63, 0x09, 0x20, 0x35, 0x09, 0x30, 0x3a, 0x30, 0x30, 0x09, 0x31, 0x3a, 0x30, 0x30, 0x09,
0x43, 0x44, 0x54, 0x0a, 0x52, 0x75, 0x6c, 0x65, 0x09, 0x42, 0x65, 0x6c, 0x69, 0x7a, 0x65, 0x09,
0x31, 0x39, 0x37, 0x34, 0x09, 0x6f, 0x6e, 0x6c, 0x79, 0x09, 0x2d, 0x09, 0x46, 0x65, 0x62, 0x09,
0x20, 0x39, 0x09, 0x30, 0x3a, 0x30, 0x30, 0x09, 0x30, 0x09, 0x43, 0x53, 0x54, 0x0a, 0x52, 0x75,
0x6c, 0x65, 0x09, 0x42, 0x65, 0x6c, 0x69, 0x7a, 0x65, 0x09, 0x31, 0x39, 0x38, 0x32, 0x09, 0x6f,
0x6e, 0x6c, 0x79, 0x09, 0x2d, 0x09, 0x44, 0x65, 0x63, 0x09, 0x31, 0x38, 0x09, 0x30, 0x3a, 0x30,
0x30, 0x09, 0x31, 0x3a, 0x30, 0x30, 0x09, 0x43, 0x44, 0x54, 0x0a, 0x52, 0x75, 0x6c, 0x65, 0x09,
0x42, 0x65, 0x6c, 0x69, 0x7a, 0x65, 0x09, 0x31, 0x39, 0x38, 0x33, 0x09, 0x6f, 0x6e, 0x6c, 0x79,
0x09, 0x2d, 0x09, 0x46, 0x65, 0x62, 0x09, 0x31, 0x32, 0x09, 0x30, 0x3a, 0x30, 0x30, 0x09, 0x30,
0x09, 0x43, 0x53, 0x54, 0x0a, 0x5a, 0x6f, 0x6e, 0x65, 0x09, 0x41, 0x6d, 0x65, 0x72, 0x69, 0x63,
0x61, 0x2f, 0x42, 0x65, 0x6c, 0x69, 0x7a, 0x65, 0x09, 0x2d, 0x35, 0x3a, 0x35, 0x32, 0x3a, 0x34,
0x38, 0x20, 0x2d, 0x09, 0x4c, 0x4d, 0x54, 0x09, 0x31, 0x39, 0x31, 0x32, 0x20, 0x41, 0x70, 0x72,
0x20, 0x20, 0x31, 0x0a, 0x09, 0x09, 0x09, 0x2d, 0x36, 0x3a, 0x30, 0x30, 0x09, 0x42, 0x65, 0x6c,
0x69, 0x7a, 0x65, 0x09, 0x25, 0x73, 0x0a, 0x52, 0x75, 0x6c, 0x65, 0x09, 0x42, 0x65, 0x72, 0x6d,
0x75, 0x64, 0x61, 0x09, 0x31, 0x39, 0x31, 0x37, 0x09, 0x6f, 0x6e, 0x6c, 0x79, 0x09, 0x2d, 0x09,
0x41, 0x70, 0x72, 0x09, 0x20, 0x35, 0x09, 0x32, 0x34, 0x3a, 0x30, 0x30, 0x09, 0x31, 0x3a, 0x30,
0x30, 0x09, 0x2d, 0x0a, 0x52, 0x75, 0x6c, 0x65, 0x09, 0x42, 0x65, 0x72, 0x6d, 0x75, 0x64, 0x61,
0x09, 0x31, 0x39, 0x31, 0x37, 0x09, 0x6f, 0x6e, 0x6c, 0x79, 0x09, 0x2d, 0x09, 0x53, 0x65, 0x70,
0x09, 0x33, 0x30, 0x09, 0x32, 0x34, 0x3a, 0x30, 0x30, 0x09, 0x30, 0x09, 0x2d, 0x0a, 0x52, 0x75,
0x6c, 0x65, 0x09, 0x42, 0x65, 0x72, 0x6d, 0x75, 0x64, 0x61, 0x09, 0x31, 0x39, 0x31, 0x38, 0x09,
0x6f, 0x6e, 0x6c, 0x79, 0x09, 0x2d, 0x09, 0x41, 0x70, 0x72, 0x09, 0x31, 0x33, 0x09, 0x32, 0x34,
0x3a, 0x30, 0x30, 0x09, 0x31, 0x3a, 0x30, 0x30, 0x09, 0x2d, 0x0a, 0x52, 0x75, 0x6c, 0x65, 0x09,
0x42, 0x65, 0x72, 0x6d, 0x75, 0x64, 0x61, 0x09, 0x31, 0x39, 0x31, 0x38, 0x09, 0x6f, 0x6e, 0x6c,
0x79, 0x09, 0x2d, 0x09, 0x53, 0x65, 0x70, 0x09, 0x31, 0x35, 0x09, 0x32, 0x34, 0x3a, 0x30, 0x30,
0x09, 0x30, 0x09, 0x53, 0x0a, 0x52, 0x75, 0x6c, 0x65, 0x09, 0x42, 0x65, 0x72, 0x6d, 0x75, 0x64,
0x61, 0x09, 0x31, 0x39, 0x34, 0x32, 0x09, 0x6f, 0x6e, 0x6c, 0x79, 0x09, 0x2d, 0x09, 0x4a, 0x61,
0x6e, 0x09, 0x31, 0x31, 0x09, 0x20, 0x32, 0x3a, 0x30, 0x30, 0x09, 0x31, 0x3a, 0x30, 0x30, 0x09,
0x44, 0x0a, 0x52, 0x75, 0x6c, 0x65, 0x09, 0x42, 0x65, 0x72, 0x6d, 0x75, 0x64, 0x61, 0x09, 0x31,
0x39, 0x34, 0x32, 0x09, 0x6f, 0x6e, 0x6c, 0x79, 0x09, 0x2d, 0x09, 0x4f, 0x63, 0x74, 0x09, 0x31,
0x38, 0x09, 0x20, 0x32, 0x3a, 0x30, 0x30, 0x09, 0x30, 0x09, 0x53, 0x0a, 0x52, 0x75, 0x6c, 0x65,
0x09, 0x42, 0x65, 0x72, 0x6d, 0x75, 0x64, 0x61, 0x09, 0x31, 0x39, 0x34, 0x33, 0x09, 0x6f, 0x6e,
0x6c, 0x79, 0x09, 0x2d, 0x09, 0x4d, 0x61, 0x72, 0x09, 0x32, 0x31, 0x09, 0x20, 0x32, 0x3a, 0x30,
0x30, 0x09, 0x31, 0x3a, 0x30, 0x30, 0x09, 0x44, 0x0a, 0x52, 0x75, 0x6c, 0x65, 0x09, 0x42, 0x65,
0x72, 0x6d, 0x75, 0x64, 0x61, 0x09, 0x31, 0x39, 0x34, 0x33, 0x09, 0x6f, 0x6e, 0x6c, 0x79, 0x09,
0x2d, 0x09, 0x4f, 0x63, 0x74, 0x09, 0x33, 0x31, 0x09, 0x20, 0x32, 0x3a, 0x30, 0x30, 0x09, 0x30,
0x09, 0x53, 0x0a, 0x52, 0x75, 0x6c, 0x65, 0x09, 0x42, 0x65, 0x72, 0x6d, 0x75, 0x64, 0x61, 0x09,
0x31, 0x39, 0x34, 0x34, 0x09, 0x31, 0x39, 0x34, 0x35, 0x09, 0x2d, 0x09, 0x4d, 0x61, 0x72, 0x09,
0x53, 0x75, 0x6e, 0x3e, 0x3d, 0x38, 0x09, 0x20, 0x32, 0x3a, 0x30, 0x30, 0x09, 0x31, 0x3a, 0x30,
0x30, 0x09, 0x44, 0x0a, 0x52, 0x75, 0x6c, 0x65, 0x09, 0x42, 0x65, 0x72, 0x6d, 0x75, 0x64, 0x61,
0x09, 0x31, 0x39, 0x34, 0x34, 0x09, 0x31, 0x39, 0x34, 0x35, 0x09, 0x2d, 0x09, 0x4e, 0x6f, 0x76,
0x09, 0x53, 0x75, 0x6e, 0x3e, 0x3d, 0x31, 0x09, 0x20, 0x32, 0x3a, 0x30, 0x30, 0x09, 0x30, 0x09,
0x53, 0x0a, 0x52, 0x75, 0x6c, 0x65, 0x09, 0x42, 0x65, 0x72, 0x6d, 0x75, 0x64, 0x61, 0x09, 0x31,
0x39, 0x34, 0x37, 0x09, 0x6f, 0x6e, 0x6c, 0x79, 0x09, 0x2d, 0x09, 0x4d, 0x61, 0x79, 0x09, 0x53,
0x75, 0x6e, 0x3e, 0x3d, 0x31, 0x35, 0x09, 0x20, 0x32, 0x3a, 0x30, 0x30, 0x09, 0x31, 0x3a, 0x30,
0x30, 0x09, 0x44, 0x0a, 0x52, 0x75, 0x6c, 0x65, 0x09, 0x42, 0x65, 0x72, 0x6d, 0x75, 0x64, 0x61,
0x09, 0x31, 0x39, 0x34, 0x37, 0x09, 0x6f, 0x6e, 0x6c, 0x79, 0x09, 0x2d, 0x09, 0x53, 0x65, 0x70,
0x09, 0x53, 0x75, 0x6e, 0x3e, 0x3d, 0x38, 0x09, 0x20, 0x32, 0x3a, 0x30, 0x30, 0x09, 0x30, 0x09,
0x53, 0x0a, 0x52, 0x75, 0x6c, 0x65, 0x09, 0x42, 0x65, 0x72, 0x6d, 0x75, 0x64, 0x61, 0x09, 0x31,
0x39, 0x34, 0x38, 0x09, 0x31, 0x39, 0x35, 0x32, 0x09, 0x2d, 0x09, 0x4d, 0x61, 0x79, 0x09, 0x53,
0x75, 0x6e, 0x3e, 0x3d, 0x32, 0x32, 0x09, 0x20, 0x32, 0x3a, 0x30, 0x30, 0x09, 0x31, 0x3a, 0x30,
0x30, 0x09, 0x44, 0x0a, 0x52, 0x75, 0x6c, 0x65, 0x09, 0x42, 0x65, 0x72, 0x6d, 0x75, 0x64, 0x61,
0x09, 0x31, 0x39, 0x34, 0x38, 0x09, 0x31, 0x39, 0x35, 0x32, 0x09, 0x2d, 0x09, 0x53, 0x65, 0x70,
0x09, 0x53, 0x75, 0x6e, 0x3e, 0x3d, 0x31, 0x09, 0x20, 0x32, 0x3a, 0x30, 0x30, 0x09, 0x30, 0x09,
0x53, 0x0a, 0x52, 0x75, 0x6c, 0x65, 0x09, 0x42, 0x65, 0x72, 0x6d, 0x75, 0x64, 0x61, 0x09, 0x31,
0x39, 0x35, 0x36, 0x09, 0x6f, 0x6e, 0x6c, 0x79, 0x09, 0x2d, 0x09, 0x4d, 0x61, 0x79, 0x09, 0x53,
0x75, 0x6e, 0x3e, 0x3d, 0x32, 0x32, 0x09, 0x20, 0x32, 0x3a, 0x30, 0x30, 0x09, 0x31, 0x3a, 0x30,
0x30, 0x09, 0x44, 0x0a, 0x52, 0x75, 0x6c, 0x65, 0x09, 0x42, 0x65, 0x72, 0x6d, 0x75, 0x64, 0x61,
0x09, 0x31, 0x39, 0x35, 0x36, 0x09, 0x6f, 0x6e, 0x6c, 0x79, 0x09, 0x2d, 0x09, 0x4f, 0x63, 0x74,
0x09, 0x6c, 0x61, 0x73, 0x74, 0x53, 0x75, 0x6e, 0x09, 0x20, 0x32, 0x3a, 0x30, 0x30, 0x09, 0x30,
0x09, 0x53, 0x0a, 0x09, 0x09, 0x23, 0x53, 0x54, 0x44, 0x4f, 0x46, 0x46, 0x09, 0x2d, 0x34, 0x3a,
0x31, 0x39, 0x3a, 0x31, 0x38, 0x2e, 0x33, 0x0a, 0x5a, 0x6f, 0x6e, 0x65, 0x20, 0x41, 0x74, 0x6c,
0x61, 0x6e, 0x74, 0x69, 0x63, 0x2f, 0x42, 0x65, 0x72, 0x6d, 0x75, 0x64, 0x61, 0x09, 0x2d, 0x34,
0x3a, 0x31, 0x39, 0x3a, 0x31, 0x38, 0x20, 0x2d, 0x09, 0x4c, 0x4d, 0x54, 0x09, 0x31, 0x38, 0x39,
0x30, 0x09, 0x23, 0x20, 0x48, 0x61, 0x6d, 0x69, 0x6c, 0x74, 0x6f, 0x6e, 0x0a, 0x09, 0x09, 0x09,
0x2d, 0x34, 0x3a, 0x31, 0x39, 0x3a, 0x31, 0x38, 0x20, 0x42, 0x65, 0x72, 0x6d, 0x75, 0x64, 0x61,
0x20, 0x42, 0x4d, 0x54, 0x2f, 0x42, 0x53, 0x54, 0x20, 0x31, 0x39, 0x33, 0x30, 0x20, 0x4a, 0x61,
0x6e, 0x20, 0x31, 0x20, 0x20, 0x32, 0x3a, 0x30, 0x30, 0x0a, 0x09, 0x09, 0x09, 0x2d, 0x34, 0x3a,
0x30, 0x30, 0x09, 0x42, 0x65, 0x72, 0x6d, 0x75, 0x64, 0x61, 0x09, 0x41, 0x25, 0x73, 0x54, 0x09,
0x31, 0x39, 0x37, 0x34, 0x20, 0x41, 0x70, 0x72, 0x20, 0x32, 0x38, 0x20, 0x20, 0x32, 0x3a, 0x30,
0x30, 0x0a, 0x09, 0x09, 0x09, 0x2d, 0x34, 0x3a, 0x30, 0x30, 0x09, 0x43, 0x61, 0x6e, 0x61, 0x64,
0x61, 0x09, 0x41, 0x25, 0x73, 0x54, 0x09, 0x31, 0x39, 0x37, 0x36, 0x0a, 0x09, 0x09, 0x09, 0x2d,
0x34, 0x3a, 0x30, 0x30, 0x09, 0x55, 0x53, 0x09, 0x41, 0x25, 0x73, 0x54, 0x0a, 0x52, 0x75, 0x6c,
0x65, 0x09, 0x43, 0x52, 0x09, 0x31, 0x39, 0x37, 0x39, 0x09, 0x31, 0x39, 0x38, 0x30, 0x09, 0x2d,
0x09, 0x46, 0x65, 0x62, 0x09, 0x6c, 0x61, 0x73, 0x74, 0x53, 0x75, 0x6e, 0x09, 0x30, 0x3a, 0x30,
0x30, 0x09, 0x31, 0x3a, 0x30, 0x30, 0x09, 0x44, 0x0a, 0x52, 0x75, 0x6c, 0x65, 0x09, 0x43, 0x52,
0x09, 0x31, 0x39, 0x37, 0x39, 0x09, 0x31, 0x39, 0x38, 0x30, 0x09, 0x2d, 0x09, 0x4a, 0x75, 0x6e,
0x09, 0x53, 0x75, 0x6e, 0x3e, 0x3d, 0x31, 0x09, 0x30, 0x3a, 0x30, 0x30, 0x09, 0x30, 0x09, 0x53,
0x0a, 0x52, 0x75, 0x6c, 0x65, 0x09, 0x43, 0x52, 0x09, 0x31, 0x39, 0x39, 0x31, 0x09, 0x31, 0x39,
0x39, 0x32, 0x09, 0x2d, 0x09, 0x4a, 0x61, 0x6e, 0x09, 0x53, 0x61, 0x74, 0x3e, 0x3d, 0x31, 0x35,
0x09, 0x30, 0x3a, 0x30, 0x30, 0x09, 0x31, 0x3a, 0x30, 0x30, 0x09, 0x44, 0x0a, 0x52, 0x75, 0x6c,
0x65, 0x09, 0x43, 0x52, 0x09, 0x31, 0x39, 0x39, 0x31, 0x09, 0x6f, 0x6e, 0x6c, 0x79, 0x09, 0x2d,
0x09, 0x4a, 0x75, 0x6c, 0x09, 0x20, 0x31, 0x09, 0x30, 0x3a, 0x30, 0x30, 0x09, 0x30, 0x09, 0x53,
0x0a, 0x52, 0x75, 0x6c, 0x65, 0x09, 0x43, 0x52, 0x09, 0x31, 0x39, 0x39, 0x32, 0x09, 0x6f, 0x6e,
0x6c, 0x79, 0x09, 0x2d, 0x09, 0x4d, 0x61, 0x72, 0x09, 0x31, 0x35, 0x09, 0x30, 0x3a, 0x30, 0x30,
0x09, 0x30, 0x09, 0x53, 0x0a, 0x09, 0x09, 0x23, 0x53, 0x54, 0x44, 0x4f, 0x46, 0x46, 0x09, 0x2d,
0x35, 0x3a, 0x33, 0x36, 0x3a, 0x31, 0x33, 0x2e, 0x33, 0x0a, 0x5a, 0x6f, 0x6e, 0x65, 0x20, 0x41,
0x6d, 0x65, 0x72, 0x69, 0x63, 0x61, 0x2f, 0x43, 0x6f, 0x73, 0x74, 0x61, 0x5f, 0x52, 0x69, 0x63,
0x61, 0x09, 0x2d, 0x35, 0x3a, 0x33, 0x36, 0x3a, 0x31, 0x33, 0x20, 0x2d, 0x09, 0x4c, 0x4d, 0x54,
0x09, 0x31, 0x38, 0x39, 0x30, 0x20, 0x20, 0x20, 0x20, 0x20, 0x20, 0x20, 0x20, 0x23, 0x20, 0x53,
0x61, 0x6e, 0x20, 0x4a, 0x6f, 0x73, 0xc3, 0xa9, 0x0a, 0x09, 0x09, 0x09, 0x2d, 0x35, 0x3a, 0x33,
0x36, 0x3a, 0x31, 0x33, 0x20, 0x2d, 0x09, 0x53, 0x4a, 0x4d, 0x54, 0x09, 0x31, 0x39, 0x32, 0x31,
0x20, 0x4a, 0x61, 0x6e, 0x20, 0x31, 0x35, 0x20, 0x23, 0x20, 0x53, 0x61, 0x6e, 0x20, 0x4a, 0x6f,
0x73, 0xc3, 0xa9, 0x20, 0x4d, 0x65, 0x61, 0x6e, 0x20, 0x54, 0x69, 0x6d, 0x65, 0x0a, 0x09, 0x09,
0x09, 0x2d, 0x36, 0x3a, 0x30, 0x30, 0x09, 0x43, 0x52, 0x09, 0x43, 0x25, 0x73, 0x54, 0x0a, 0x52,
0x75, 0x6c, 0x65, 0x09, 0x43, 0x75, 0x62, 0x61, 0x09, 0x31, 0x39, 0x32, 0x38, 0x09, 0x6f, 0x6e,
0x6c, 0x79, 0x09, 0x2d, 0x09, 0x4a, 0x75, 0x6e, 0x09, 0x31, 0x30, 0x09, 0x30, 0x3a, 0x30, 0x30,
0x09, 0x31, 0x3a, 0x30, 0x30, 0x09, 0x44, 0x0a, 0x52, 0x75, 0x6c, 0x65, 0x09, 0x43, 0x75, 0x62,
0x61, 0x09, 0x31, 0x39, 0x32, 0x38, 0x09, 0x6f, 0x6e, 0x6c, 0x79, 0x09, 0x2d, 0x09, 0x4f, 0x63,
0x74, 0x09, 0x31, 0x30, 0x09, 0x30, 0x3a, 0x30, 0x30, 0x09, 0x30, 0x09, 0x53, 0x0a, 0x52, 0x75,
0x6c, 0x65, 0x09, 0x43, 0x75, 0x62, 0x61, 0x09, 0x31, 0x39, 0x34, 0x30, 0x09, 0x31, 0x39, 0x34,
0x32, 0x09, 0x2d, 0x09, 0x4a, 0x75, 0x6e, 0x09, 0x53, 0x75, 0x6e, 0x3e, 0x3d, 0x31, 0x09, 0x30,
0x3a, 0x30, 0x30, 0x09, 0x31, 0x3a, 0x30, 0x30, 0x09, 0x44, 0x0a, 0x52, 0x75, 0x6c, 0x65, 0x09,
0x43, 0x75, 0x62, 0x61, 0x09, 0x31, 0x39, 0x34, 0x30, 0x09, 0x31, 0x39, 0x34, 0x32, 0x09, 0x2d,
0x09, 0x53, 0x65, 0x70, 0x09, 0x53, 0x75, 0x6e, 0x3e, 0x3d, 0x31, 0x09, 0x30, 0x3a, 0x30, 0x30,
0x09, 0x30, 0x09, 0x53, 0x0a, 0x52, 0x75, 0x6c, 0x65, 0x09, 0x43, 0x75, 0x62, 0x61, 0x09, 0x31,
0x39, 0x34, 0x35, 0x09, 0x31, 0x39, 0x34, 0x36, 0x09, 0x2d, 0x09, 0x4a, 0x75, 0x6e, 0x09, 0x53,
0x75, 0x6e, 0x3e, 0x3d, 0x31, 0x09, 0x30, 0x3a, 0x30, 0x30, 0x09, 0x31, 0x3a, 0x30, 0x30, 0x09,
0x44, 0x0a, 0x52, 0x75, 0x6c, 0x65, 0x09, 0x43, 0x75, 0x62, 0x61, 0x09, 0x31, 0x39, 0x34, 0x35,
0x09, 0x31, 0x39, 0x34, 0x36, 0x09, 0x2d, 0x09, 0x53, 0x65, 0x70, 0x09, 0x53, 0x75, 0x6e, 0x3e,
0x3d, 0x31, 0x09, 0x30, 0x3a, 0x30, 0x30, 0x09, 0x30, 0x09, 0x53, 0x0a, 0x52, 0x75, 0x6c, 0x65,
0x09, 0x43, 0x75, 0x62, 0x61, 0x09, 0x31, 0x39, 0x36, 0x35, 0x09, 0x6f, 0x6e, 0x6c, 0x79, 0x09,
0x2d, 0x09, 0x4a, 0x75, 0x6e, 0x09, 0x31, 0x09, 0x30, 0x3a, 0x30, 0x30, 0x09, 0x31, 0x3a, 0x30,
0x30, 0x09, 0x44, 0x0a, 0x52, 0x75, 0x6c, 0x65, 0x09, 0x43, 0x75, 0x62, 0x61, 0x09, 0x31, 0x39,
0x36, 0x35, 0x09, 0x6f, 0x6e, 0x6c, 0x79, 0x09, 0x2d, 0x09, 0x53, 0x65, 0x70, 0x09, 0x33, 0x30,
0x09, 0x30, 0x3a, 0x30, 0x30, 0x09, 0x30, 0x09, 0x53, 0x0a, 0x52, 0x75, 0x6c, 0x65, 0x09, 0x43,
0x75, 0x62, 0x61, 0x09, 0x31, 0x39, 0x36, 0x36, 0x09, 0x6f, 0x6e, 0x6c, 0x79, 0x09, 0x2d, 0x09,
0x4d, 0x61, 0x79, 0x09, 0x32, 0x39, 0x09, 0x30, 0x3a, 0x30, 0x30, 0x09, 0x31, 0x3a, 0x30, 0x30,
0x09, 0x44, 0x0a, 0x52, 0x75, 0x6c, 0x65, 0x09, 0x43, 0x75, 0x62, 0x61, 0x09, 0x31, 0x39, 0x36,
0x36, 0x09, 0x6f, 0x6e, 0x6c, 0x79, 0x09, 0x2d, 0x09, 0x4f, 0x63, 0x74, 0x09, 0x32, 0x09, 0x30,
0x3a, 0x30, 0x30, 0x09, 0x30, 0x09, 0x53, 0x0a, 0x52, 0x75, 0x6c, 0x65, 0x09, 0x43, 0x75, 0x62,
0x61, 0x09, 0x31, 0x39, 0x36, 0x37, 0x09, 0x6f, 0x6e, 0x6c, 0x79, 0x09, 0x2d, 0x09, 0x41, 0x70,
0x72, 0x09, 0x38, 0x09, 0x30, 0x3a, 0x30, 0x30, 0x09, 0x31, 0x3a, 0x30, 0x30, 0x09, 0x44, 0x0a,
0x52, 0x75, 0x6c, 0x65, 0x09, 0x43, 0x75, 0x62, 0x61, 0x09, 0x31, 0x39, 0x36, 0x37, 0x09, 0x31,
0x39, 0x36, 0x38, 0x09, 0x2d, 0x09, 0x53, 0x65, 0x70, 0x09, 0x53, 0x75, 0x6e, 0x3e, 0x3d, 0x38,
0x09, 0x30, 0x3a, 0x30, 0x30, 0x09, 0x30, 0x09, 0x53, 0x0a, 0x52, 0x75, 0x6c, 0x65, 0x09, 0x43,
0x75, 0x62, 0x61, 0x09, 0x31, 0x39, 0x36, 0x38, 0x09, 0x6f, 0x6e, 0x6c, 0x79, 0x09, 0x2d, 0x09,
0x41, 0x70, 0x72, 0x09, 0x31, 0x34, 0x09, 0x30, 0x3a, 0x30, 0x30, 0x09, 0x31, 0x3a, 0x30, 0x30,
0x09, 0x44, 0x0a, 0x52, 0x75, 0x6c, 0x65, 0x09, 0x43, 0x75, 0x62, 0x61, 0x09, 0x31, 0x39, 0x36,
0x39, 0x09, 0x31, 0x39, 0x37, 0x37, 0x09, 0x2d, 0x09, 0x41, 0x70, 0x72, 0x09, 0x6c, 0x61, 0x73,
0x74, 0x53, 0x75, 0x6e, 0x09, 0x30, 0x3a, 0x30, 0x30, 0x09, 0x31, 0x3a, 0x30, 0x30, 0x09, 0x44,
0x0a, 0x52, 0x75, 0x6c, 0x65, 0x09, 0x43, 0x75, 0x62, 0x61, 0x09, 0x31, 0x39, 0x36, 0x39, 0x09,
0x31, 0x39, 0x37, 0x31, 0x09, 0x2d, 0x09, 0x4f, 0x63, 0x74, 0x09, 0x6c, 0x61, 0x73, 0x74, 0x53,
0x75, 0x6e, 0x09, 0x30, 0x3a, 0x30, 0x30, 0x09, 0x30, 0x09, 0x53, 0x0a, 0x52, 0x75, 0x6c, 0x65,
0x09, 0x43, 0x75, 0x62, 0x61, 0x09, 0x31, 0x39, 0x37, 0x32, 0x09, 0x31, 0x39, 0x37, 0x34, 0x09,
0x2d, 0x09, 0x4f, 0x63, 0x74, 0x09, 0x38, 0x09, 0x30, 0x3a, 0x30, 0x30, 0x09, 0x30, 0x09, 0x53,
0x0a, 0x52, 0x75, 0x6c, 0x65, 0x09, 0x43, 0x75, 0x62, 0x61, 0x09, 0x31, 0x39, 0x37, 0x35, 0x09,
0x31, 0x39, 0x37, 0x37, 0x09, 0x2d, 0x09, 0x4f, 0x63, 0x74, 0x09, 0x6c, 0x61, 0x73, 0x74, 0x53,
0x75, 0x6e, 0x09, 0x30, 0x3a, 0x30, 0x30, 0x09, 0x30, 0x09, 0x53, 0x0a, 0x52, 0x75, 0x6c, 0x65,
0x09, 0x43, 0x75, 0x62, 0x61, 0x09, 0x31, 0x39, 0x37, 0x38, 0x09, 0x6f, 0x6e, 0x6c, 0x79, 0x09,
0x2d, 0x09, 0x4d, 0x61, 0x79, 0x09, 0x37, 0x09, 0x30, 0x3a, 0x30, 0x30, 0x09, 0x31, 0x3a, 0x30,
0x30, 0x09, 0x44, 0x0a, 0x52, 0x75, 0x6c, 0x65, 0x09, 0x43, 0x75, 0x62, 0x61, 0x09, 0x31, 0x39,
0x37, 0x38, 0x09, 0x31, 0x39, 0x39, 0x30, 0x09, 0x2d, 0x09, 0x4f, 0x63, 0x74, 0x09, 0x53, 0x75,
0x6e, 0x3e, 0x3d, 0x38, 0x09, 0x30, 0x3a, 0x30, 0x30, 0x09, 0x30, 0x09, 0x53, 0x0a, 0x52, 0x75,
0x6c, 0x65, 0x09, 0x43, 0x75, 0x62, 0x61, 0x09, 0x31, 0x39, 0x37, 0x39, 0x09, 0x31, 0x39, 0x38,
0x30, 0x09, 0x2d, 0x09, 0x4d, 0x61, 0x72, 0x09, 0x53, 0x75, 0x6e, 0x3e, 0x3d, 0x31, 0x35, 0x09,
0x30, 0x3a, 0x30, 0x30, 0x09, 0x31, 0x3a, 0x30, 0x30, 0x09, 0x44, 0x0a, 0x52, 0x75, 0x6c, 0x65,
0x09, 0x43, 0x75, 0x62, 0x61, 0x09, 0x31, 0x39, 0x38, 0x31, 0x09, 0x31, 0x39, 0x38, 0x35, 0x09,
0x2d, 0x09, 0x4d, 0x61, 0x79, 0x09, 0x53, 0x75, 0x6e, 0x3e, 0x3d, 0x35, 0x09, 0x30, 0x3a, 0x30,
0x30, 0x09, 0x31, 0x3a, 0x30, 0x30, 0x09, 0x44, 0x0a, 0x52, 0x75, 0x6c, 0x65, 0x09, 0x43, 0x75,
0x62, 0x61, 0x09, 0x31, 0x39, 0x38, 0x36, 0x09, 0x31, 0x39, 0x38, 0x39, 0x09, 0x2d, 0x09, 0x4d,
0x61, 0x72, 0x09, 0x53, 0x75, 0x6e, 0x3e, 0x3d, 0x31, 0x34, 0x09, 0x30, 0x3a, 0x30, 0x30, 0x09,
0x31, 0x3a, 0x30, 0x30, 0x09, 0x44, 0x0a, 0x52, 0x75, 0x6c, 0x65, 0x09, 0x43, 0x75, 0x62, 0x61,
0x09, 0x31, 0x39, 0x39, 0x30, 0x09, 0x31, 0x39, 0x39, 0x37, 0x09, 0x2d, 0x09, 0x41, 0x70, 0x72,
0x09, 0x53, 0x75, 0x6e, 0x3e, 0x3d, 0x31, 0x09, 0x30, 0x3a, 0x30, 0x30, 0x09, 0x31, 0x3a, 0x30,
0x30, 0x09, 0x44, 0x0a, 0x52, 0x75, 0x6c, 0x65, 0x09, 0x43, 0x75, 0x62, 0x61, 0x09, 0x31, 0x39,
0x39, 0x31, 0x09, 0x31, 0x39, 0x39, 0x35, 0x09, 0x2d, 0x09, 0x4f, 0x63, 0x74, 0x09, 0x53, 0x75,
0x6e, 0x3e, 0x3d, 0x38, 0x09, 0x30, 0x3a, 0x30, 0x30, 0x73, 0x09, 0x30, 0x09, 0x53, 0x0a, 0x52,
0x75, 0x6c, 0x65, 0x09, 0x43, 0x75, 0x62, 0x61, 0x09, 0x31, 0x39, 0x39, 0x36, 0x09, 0x6f, 0x6e,
0x6c, 0x79, 0x09, 0x2d, 0x09, 0x4f, 0x63, 0x74, 0x09, 0x20, 0x36, 0x09, 0x30, 0x3a, 0x30, 0x30,
0x73, 0x09, 0x30, 0x09, 0x53, 0x0a, 0x52, 0x75, 0x6c, 0x65, 0x09, 0x43, 0x75, 0x62, 0x61, 0x09,
0x31, 0x39, 0x39, 0x37, 0x09, 0x6f, 0x6e, 0x6c, 0x79, 0x09, 0x2d, 0x09, 0x4f, 0x63, 0x74, 0x09,
0x31, 0x32, 0x09, 0x30, 0x3a, 0x30, 0x30, 0x73, 0x09, 0x30, 0x09, 0x53, 0x0a, 0x52, 0x75, 0x6c,
0x65, 0x09, 0x43, 0x75, 0x62, 0x61, 0x09, 0x31, 0x39, 0x39, 0x38, 0x09, 0x31, 0x39, 0x39, 0x39,
0x09, 0x2d, 0x09, 0x4d, 0x61, 0x72, 0x09, 0x6c, 0x61, 0x73, 0x74, 0x53, 0x75, 0x6e, 0x09, 0x30,
0x3a, 0x30, 0x30, 0x73, 0x09, 0x31, 0x3a, 0x30, 0x30, 0x09, 0x44, 0x0a, 0x52, 0x75, 0x6c, 0x65,
0x09, 0x43, 0x75, 0x62, 0x61, 0x09, 0x31, 0x39, 0x39, 0x38, 0x09, 0x32, 0x30, 0x30, 0x33, 0x09,
0x2d, 0x09, 0x4f, 0x63, 0x74, 0x09, 0x6c, 0x61, 0x73, 0x74, 0x53, 0x75, 0x6e, 0x09, 0x30, 0x3a,
0x30, 0x30, 0x73, 0x09, 0x30, 0x09, 0x53, 0x0a, 0x52, 0x75, 0x6c, 0x65, 0x09, 0x43, 0x75, 0x62,
0x61, 0x09, 0x32, 0x30, 0x30, 0x30, 0x09, 0x32, 0x30, 0x30, 0x33, 0x09, 0x2d, 0x09, 0x41, 0x70,
0x72, 0x09, 0x53, 0x75, 0x6e, 0x3e, 0x3d, 0x31, 0x09, 0x30, 0x3a, 0x30, 0x30, 0x73, 0x09, 0x31,
0x3a, 0x30, 0x30, 0x09, 0x44, 0x0a, 0x52, 0x75, 0x6c, 0x65, 0x09, 0x43, 0x75, 0x62, 0x61, 0x09,
0x32, 0x30, 0x30, 0x34, 0x09, 0x6f, 0x6e, 0x6c, 0x79, 0x09, 0x2d, 0x09, 0x4d, 0x61, 0x72, 0x09,
0x6c, 0x61, 0x73, 0x74, 0x53, 0x75, 0x6e, 0x09, 0x30, 0x3a, 0x30, 0x30, 0x73, 0x09, 0x31, 0x3a,
0x30, 0x30, 0x09, 0x44, 0x0a, 0x52, 0x75, 0x6c, 0x65, 0x09, 0x43, 0x75, 0x62, 0x61, 0x09, 0x32,
0x30, 0x30, 0x36, 0x09, 0x32, 0x30, 0x31, 0x30, 0x09, 0x2d, 0x09, 0x4f, 0x63, 0x74, 0x09, 0x6c,
0x61, 0x73, 0x74, 0x53, 0x75, 0x6e, 0x09, 0x30, 0x3a, 0x30, 0x30, 0x73, 0x09, 0x30, 0x09, 0x53,
0x0a, 0x52, 0x75, 0x6c, 0x65, 0x09, 0x43, 0x75, 0x62, 0x61, 0x09, 0x32, 0x30, 0x30, 0x37, 0x09,
0x6f, 0x6e, 0x6c, 0x79, 0x09, 0x2d, 0x09, 0x4d, 0x61, 0x72, 0x09, 0x53, 0x75, 0x6e, 0x3e, 0x3d,
0x38, 0x09, 0x30, 0x3a, 0x30, 0x30, 0x73, 0x09, 0x31, 0x3a, 0x30, 0x30, 0x09, 0x44, 0x0a, 0x52,
0x75, 0x6c, 0x65, 0x09, 0x43, 0x75, 0x62, 0x61, 0x09, 0x32, 0x30, 0x30, 0x38, 0x09, 0x6f, 0x6e,
0x6c, 0x79, 0x09, 0x2d, 0x09, 0x4d, 0x61, 0x72, 0x09, 0x53, 0x75, 0x6e, 0x3e, 0x3d, 0x31, 0x35,
0x09, 0x30, 0x3a, 0x30, 0x30, 0x73, 0x09, 0x31, 0x3a, 0x30, 0x30, 0x09, 0x44, 0x0a, 0x52, 0x75,
0x6c, 0x65, 0x09, 0x43, 0x75, 0x62, 0x61, 0x09, 0x32, 0x30, 0x30, 0x39, 0x09, 0x32, 0x30, 0x31,
0x30, 0x09, 0x2d, 0x09, 0x4d, 0x61, 0x72, 0x09, 0x53, 0x75, 0x6e, 0x3e, 0x3d, 0x38, 0x09, 0x30,
0x3a, 0x30, 0x30, 0x73, 0x09, 0x31, 0x3a, 0x30, 0x30, 0x09, 0x44, 0x0a, 0x52, 0x75, 0x6c, 0x65,
0x09, 0x43, 0x75, 0x62, 0x61, 0x09, 0x32, 0x30, 0x31, 0x31, 0x09, 0x6f, 0x6e, 0x6c, 0x79, 0x09,
0x2d, 0x09, 0x4d, 0x61, 0x72, 0x09, 0x53, 0x75, 0x6e, 0x3e, 0x3d, 0x31, 0x35, 0x09, 0x30, 0x3a,
0x30, 0x30, 0x73, 0x09, 0x31, 0x3a, 0x30, 0x30, 0x09, 0x44, 0x0a, 0x52, 0x75, 0x6c, 0x65, 0x09,
0x43, 0x75, 0x62, 0x61, 0x09, 0x32, 0x30, 0x31, 0x31, 0x09, 0x6f, 0x6e, 0x6c, 0x79, 0x09, 0x2d,
0x09, 0x4e, 0x6f, 0x76, 0x09, 0x31, 0x33, 0x09, 0x30, 0x3a, 0x30, 0x30, 0x73, 0x09, 0x30, 0x09,
0x53, 0x0a, 0x52, 0x75, 0x6c, 0x65, 0x09, 0x43, 0x75, 0x62, 0x61, 0x09, 0x32, 0x30, 0x31, 0x32,
0x09, 0x6f, 0x6e, 0x6c, 0x79, 0x09, 0x2d, 0x09, 0x41, 0x70, 0x72, 0x09, 0x31, 0x09, 0x30, 0x3a,
0x30, 0x30, 0x73, 0x09, 0x31, 0x3a, 0x30, 0x30, 0x09, 0x44, 0x0a, 0x52, 0x75, 0x6c, 0x65, 0x09,
0x43, 0x75, 0x62, 0x61, 0x09, 0x32, 0x30, 0x31, 0x32, 0x09, 0x6d, 0x61, 0x78, 0x09, 0x2d, 0x09,
0x4e, 0x6f, 0x76, 0x09, 0x53, 0x75, 0x6e, 0x3e, 0x3d, 0x31, 0x09, 0x30, 0x3a, 0x30, 0x30, 0x73,
0x09, 0x30, 0x09, 0x53, 0x0a, 0x52, 0x75, 0x6c, 0x65, 0x09, 0x43, 0x75, 0x62, 0x61, 0x09, 0x32,
0x30, 0x31, 0x33, 0x09, 0x6d, 0x61, 0x78, 0x09, 0x2d, 0x09, 0x4d, 0x61, 0x72, 0x09, 0x53, 0x75,
0x6e, 0x3e, 0x3d, 0x38, 0x09, 0x30, 0x3a, 0x30, 0x30, 0x73, 0x09, 0x31, 0x3a, 0x30, 0x30, 0x09,
0x44, 0x0a, 0x5a, 0x6f, 0x6e, 0x65, 0x09, 0x41, 0x6d, 0x65, 0x72, 0x69, 0x63, 0x61, 0x2f, 0x48,
0x61, 0x76, 0x61, 0x6e, 0x61, 0x09, 0x2d, 0x35, 0x3a, 0x32, 0x39, 0x3a, 0x32, 0x38, 0x20, 0x2d,
0x09, 0x4c, 0x4d, 0x54, 0x09, 0x31, 0x38, 0x39, 0x30, 0x0a, 0x09, 0x09, 0x09, 0x2d, 0x35, 0x3a,
0x32, 0x39, 0x3a, 0x33, 0x36, 0x20, 0x2d, 0x09, 0x48, 0x4d, 0x54, 0x09, 0x31, 0x39, 0x32, 0x35,
0x20, 0x4a, 0x75, 0x6c, 0x20, 0x31, 0x39, 0x20, 0x31, 0x32, 0x3a, 0x30, 0x30, 0x20, 0x23, 0x20,
0x48, 0x61, 0x76, 0x61, 0x6e, 0x61, 0x20, 0x4d, 0x54, 0x0a, 0x09, 0x09, 0x09, 0x2d, 0x35, 0x3a,
0x30, 0x30, 0x09, 0x43, 0x75, 0x62, 0x61, 0x09, 0x43, 0x25, 0x73, 0x54, 0x0a, 0x52, 0x75, 0x6c,
0x65, 0x09, 0x44, 0x52, 0x09, 0x31, 0x39, 0x36, 0x36, 0x09, 0x6f, 0x6e, 0x6c, 0x79, 0x09, 0x2d,
0x09, 0x4f, 0x63, 0x74, 0x09, 0x33, 0x30, 0x09, 0x30, 0x3a, 0x30, 0x30, 0x09, 0x31, 0x3a, 0x30,
0x30, 0x09, 0x45, 0x44, 0x54, 0x0a, 0x52, 0x75, 0x6c, 0x65, 0x09, 0x44, 0x52, 0x09, 0x31, 0x39,
0x36, 0x37, 0x09, 0x6f, 0x6e, 0x6c, 0x79, 0x09, 0x2d, 0x09, 0x46, 0x65, 0x62, 0x09, 0x32, 0x38,
0x09, 0x30, 0x3a, 0x30, 0x30, 0x09, 0x30, 0x09, 0x45, 0x53, 0x54, 0x0a, 0x52, 0x75, 0x6c, 0x65,
0x09, 0x44, 0x52, 0x09, 0x31, 0x39, 0x36, 0x39, 0x09, 0x31, 0x39, 0x37, 0x33, 0x09, 0x2d, 0x09,
0x4f, 0x63, 0x74, 0x09, 0x6c, 0x61, 0x73, 0x74, 0x53, 0x75, 0x6e, 0x09, 0x30, 0x3a, 0x30, 0x30,
0x09, 0x30, 0x3a, 0x33, 0x30, 0x09, 0x2d, 0x30, 0x34, 0x33, 0x30, 0x0a, 0x52, 0x75, 0x6c, 0x65,
0x09, 0x44, 0x52, 0x09, 0x31, 0x39, 0x37, 0x30, 0x09, 0x6f, 0x6e, 0x6c, 0x79, 0x09, 0x2d, 0x09,
0x46, 0x65, 0x62, 0x09, 0x32, 0x31, 0x09, 0x30, 0x3a, 0x30, 0x30, 0x09, 0x30, 0x09, 0x45, 0x53,
0x54, 0x0a, 0x52, 0x75, 0x6c, 0x65, 0x09, 0x44, 0x52, 0x09, 0x31, 0x39, 0x37, 0x31, 0x09, 0x6f,
0x6e, 0x6c, 0x79, 0x09, 0x2d, 0x09, 0x4a, 0x61, 0x6e, 0x09, 0x32, 0x30, 0x09, 0x30, 0x3a, 0x30,
0x30, 0x09, 0x30, 0x09, 0x45, 0x53, 0x54, 0x0a, 0x52, 0x75, 0x6c, 0x65, 0x09, 0x44, 0x52, 0x09,
0x31, 0x39, 0x37, 0x32, 0x09, 0x31, 0x39, 0x37, 0x34, 0x09, 0x2d, 0x09, 0x4a, 0x61, 0x6e, 0x09,
0x32, 0x31, 0x09, 0x30, 0x3a, 0x30, 0x30, 0x09, 0x30, 0x09, 0x45, 0x53, 0x54, 0x0a, 0x5a, 0x6f,
0x6e, 0x65, 0x20, 0x41, 0x6d, 0x65, 0x72, 0x69, 0x63, 0x61, 0x2f, 0x53, 0x61, 0x6e, 0x74, 0x6f,
0x5f, 0x44, 0x6f, 0x6d, 0x69, 0x6e, 0x67, 0x6f, 0x20, 0x2d, 0x34, 0x3a, 0x33, 0x39, 0x3a, 0x33,
0x36, 0x20, 0x2d, 0x09, 0x4c, 0x4d, 0x54, 0x09, 0x31, 0x38, 0x39, 0x30, 0x0a, 0x09, 0x09, 0x09,
0x2d, 0x34, 0x3a, 0x34, 0x30, 0x09, 0x2d, 0x09, 0x53, 0x44, 0x4d, 0x54, 0x09, 0x31, 0x39, 0x33,
0x33, 0x20, 0x41, 0x70, 0x72, 0x20, 0x20, 0x31, 0x20, 0x31, 0x32, 0x3a, 0x30, 0x30, 0x20, 0x23,
0x20, 0x53, 0x2e, 0x20, 0x44, 0x6f, 0x6d, 0x2e, 0x20, 0x4d, 0x54, 0x0a, 0x09, 0x09, 0x09, 0x2d,
0x35, 0x3a, 0x30, 0x30, 0x09, 0x44, 0x52, 0x09, 0x25, 0x73, 0x09, 0x31, 0x39, 0x37, 0x34, 0x20,
0x4f, 0x63, 0x74, 0x20, 0x32, 0x37, 0x0a, 0x09, 0x09, 0x09, 0x2d, 0x34, 0x3a, 0x30, 0x30, 0x09,
0x2d, 0x09, 0x41, 0x53, 0x54, 0x09, 0x32, 0x30, 0x30, 0x30, 0x20, 0x4f, 0x63, 0x74, 0x20, 0x32,
0x39, 0x20, 0x20, 0x32, 0x3a, 0x30, 0x30, 0x0a, 0x09, 0x09, 0x09, 0x2d, 0x35, 0x3a, 0x30, 0x30,
0x09, 0x55, 0x53, 0x09, 0x45, 0x25, 0x73, 0x54, 0x09, 0x32, 0x30, 0x30, 0x30, 0x20, 0x44, 0x65,
0x63, 0x20, 0x20, 0x33, 0x20, 0x20, 0x31, 0x3a, 0x30, 0x30, 0x0a, 0x09, 0x09, 0x09, 0x2d, 0x34,
0x3a, 0x30, 0x30, 0x09, 0x2d, 0x09, 0x41, 0x53, 0x54, 0x0a, 0x52, 0x75, 0x6c, 0x65, 0x09, 0x53,
0x61, 0x6c, 0x76, 0x09, 0x31, 0x39, 0x38, 0x37, 0x09, 0x31, 0x39, 0x38, 0x38, 0x09, 0x2d, 0x09,
0x4d, 0x61, 0x79, 0x09, 0x53, 0x75, 0x6e, 0x3e, 0x3d, 0x31, 0x09, 0x30, 0x3a, 0x30, 0x30, 0x09,
0x31, 0x3a, 0x30, 0x30, 0x09, 0x44, 0x0a, 0x52, 0x75, 0x6c, 0x65, 0x09, 0x53, 0x61, 0x6c, 0x76,
0x09, 0x31, 0x39, 0x38, 0x37, 0x09, 0x31, 0x39, 0x38, 0x38, 0x09, 0x2d, 0x09, 0x53, 0x65, 0x70,
0x09, 0x6c, 0x61, 0x73, 0x74, 0x53, 0x75, 0x6e, 0x09, 0x30, 0x3a, 0x30, 0x30, 0x09, 0x30, 0x09,
0x53, 0x0a, 0x5a, 0x6f, 0x6e, 0x65, 0x20, 0x41, 0x6d, 0x65, 0x72, 0x69, 0x63, 0x61, 0x2f, 0x45,
0x6c, 0x5f, 0x53, 0x61, 0x6c, 0x76, 0x61, 0x64, 0x6f, 0x72, 0x20, 0x2d, 0x35, 0x3a, 0x35, 0x36,
0x3a, 0x34, 0x38, 0x20, 0x2d, 0x09, 0x4c, 0x4d, 0x54, 0x09, 0x31, 0x39, 0x32, 0x31, 0x20, 0x23,
0x20, 0x53, 0x61, 0x6e, 0x20, 0x53, 0x61, 0x6c, 0x76, 0x61, 0x64, 0x6f, 0x72, 0x0a, 0x09, 0x09,
0x09, 0x2d, 0x36, 0x3a, 0x30, 0x30, 0x09, 0x53, 0x61, 0x6c, 0x76, 0x09, 0x43, 0x25, 0x73, 0x54,
0x0a, 0x52, 0x75, 0x6c, 0x65, 0x09, 0x47, 0x75, 0x61, 0x74, 0x09, 0x31, 0x39, 0x37, 0x33, 0x09,
0x6f, 0x6e, 0x6c, 0x79, 0x09, 0x2d, 0x09, 0x4e, 0x6f, 0x76, 0x09, 0x32, 0x35, 0x09, 0x30, 0x3a,
0x30, 0x30, 0x09, 0x31, 0x3a, 0x30, 0x30, 0x09, 0x44, 0x0a, 0x52, 0x75, 0x6c, 0x65, 0x09, 0x47,
0x75, 0x61, 0x74, 0x09, 0x31, 0x39, 0x37, 0x34, 0x09, 0x6f, 0x6e, 0x6c, 0x79, 0x09, 0x2d, 0x09,
0x46, 0x65, 0x62, 0x09, 0x32, 0x34, 0x09, 0x30, 0x3a, 0x30, 0x30, 0x09, 0x30, 0x09, 0x53, 0x0a,
0x52, 0x75, 0x6c, 0x65, 0x09, 0x47, 0x75, 0x61, 0x74, 0x09, 0x31, 0x39, 0x38, 0x33, 0x09, 0x6f,
0x6e, 0x6c, 0x79, 0x09, 0x2d, 0x09, 0x4d, 0x61, 0x79, 0x09, 0x32, 0x31, 0x09, 0x30, 0x3a, 0x30,
0x30, 0x09, 0x31, 0x3a, 0x30, 0x30, 0x09, 0x44, 0x0a, 0x52, 0x75, 0x6c, 0x65, 0x09, 0x47, 0x75,
0x61, 0x74, 0x09, 0x31, 0x39, 0x38, 0x33, 0x09, 0x6f, 0x6e, 0x6c, 0x79, 0x09, 0x2d, 0x09, 0x53,
0x65, 0x70, 0x09, 0x32, 0x32, 0x09, 0x30, 0x3a, 0x30, 0x30, 0x09, 0x30, 0x09, 0x53, 0x0a, 0x52,
0x75, 0x6c, 0x65, 0x09, 0x47, 0x75, 0x61, 0x74, 0x09, 0x31, 0x39, 0x39, 0x31, 0x09, 0x6f, 0x6e,
0x6c, 0x79, 0x09, 0x2d, 0x09, 0x4d, 0x61, 0x72, 0x09, 0x32, 0x33, 0x09, 0x30, 0x3a, 0x30, 0x30,
0x09, 0x31, 0x3a, 0x30, 0x30, 0x09, 0x44, 0x0a, 0x52, 0x75, 0x6c, 0x65, 0x09, 0x47, 0x75, 0x61,
0x74, 0x09, 0x31, 0x39, 0x39, 0x31, 0x09, 0x6f, 0x6e, 0x6c, 0x79, 0x09, 0x2d, 0x09, 0x53, 0x65,
0x70, 0x09, 0x20, 0x37, 0x09, 0x30, 0x3a, 0x30, 0x30, 0x09, 0x30, 0x09, 0x53, 0x0a, 0x52, 0x75,
0x6c, 0x65, 0x09, 0x47, 0x75, 0x61, 0x74, 0x09, 0x32, 0x30, 0x30, 0x36, 0x09, 0x6f, 0x6e, 0x6c,
0x79, 0x09, 0x2d, 0x09, 0x41, 0x70, 0x72, 0x09, 0x33, 0x30, 0x09, 0x30, 0x3a, 0x30, 0x30, 0x09,
0x31, 0x3a, 0x30, 0x30, 0x09, 0x44, 0x0a, 0x52, 0x75, 0x6c, 0x65, 0x09, 0x47, 0x75, 0x61, 0x74,
0x09, 0x32, 0x30, 0x30, 0x36, 0x09, 0x6f, 0x6e, 0x6c, 0x79, 0x09, 0x2d, 0x09, 0x4f, 0x63, 0x74,
0x09, 0x20, 0x31, 0x09, 0x30, 0x3a, 0x30, 0x30, 0x09, 0x30, 0x09, 0x53, 0x0a, 0x5a, 0x6f, 0x6e,
0x65, 0x20, 0x41, 0x6d, 0x65, 0x72, 0x69, 0x63, 0x61, 0x2f, 0x47, 0x75, 0x61, 0x74, 0x65, 0x6d,
0x61, 0x6c, 0x61, 0x09, 0x2d, 0x36, 0x3a, 0x30, 0x32, 0x3a, 0x30, 0x34, 0x20, 0x2d, 0x09, 0x4c,
0x4d, 0x54, 0x09, 0x31, 0x39, 0x31, 0x38, 0x20, 0x4f, 0x63, 0x74, 0x20, 0x35, 0x0a, 0x09, 0x09,
0x09, 0x2d, 0x36, 0x3a, 0x30, 0x30, 0x09, 0x47, 0x75, 0x61, 0x74, 0x09, 0x43, 0x25, 0x73, 0x54,
0x0a, 0x52, 0x75, 0x6c, 0x65, 0x09, 0x48, 0x61, 0x69, 0x74, 0x69, 0x09, 0x31, 0x39, 0x38, 0x33,
0x09, 0x6f, 0x6e, 0x6c, 0x79, 0x09, 0x2d, 0x09, 0x4d, 0x61, 0x79, 0x09, 0x38, 0x09, 0x30, 0x3a,
0x30, 0x30, 0x09, 0x31, 0x3a, 0x30, 0x30, 0x09, 0x44, 0x0a, 0x52, 0x75, 0x6c, 0x65, 0x09, 0x48,
0x61, 0x69, 0x74, 0x69, 0x09, 0x31, 0x39, 0x38, 0x34, 0x09, 0x31, 0x39, 0x38, 0x37, 0x09, 0x2d,
0x09, 0x41, 0x70, 0x72, 0x09, 0x6c, 0x61, 0x73, 0x74, 0x53, 0x75, 0x6e, 0x09, 0x30, 0x3a, 0x30,
0x30, 0x09, 0x31, 0x3a, 0x30, 0x30, 0x09, 0x44, 0x0a, 0x52, 0x75, 0x6c, 0x65, 0x09, 0x48, 0x61,
0x69, 0x74, 0x69, 0x09, 0x31, 0x39, 0x38, 0x33, 0x09, 0x31, 0x39, 0x38, 0x37, 0x09, 0x2d, 0x09,
0x4f, 0x63, 0x74, 0x09, 0x6c, 0x61, 0x73, 0x74, 0x53, 0x75, 0x6e, 0x09, 0x30, 0x3a, 0x30, 0x30,
0x09, 0x30, 0x09, 0x53, 0x0a, 0x52, 0x75, 0x6c, 0x65, 0x09, 0x48, 0x61, 0x69, 0x74, 0x69, 0x09,
0x31, 0x39, 0x38, 0x38, 0x09, 0x31, 0x39, 0x39, 0x37, 0x09, 0x2d, 0x09, 0x41, 0x70, 0x72, 0x09,
0x53, 0x75, 0x6e, 0x3e, 0x3d, 0x31, 0x09, 0x31, 0x3a, 0x30, 0x30, 0x73, 0x09, 0x31, 0x3a, 0x30,
0x30, 0x09, 0x44, 0x0a, 0x52, 0x75, 0x6c, 0x65, 0x09, 0x48, 0x61, 0x69, 0x74, 0x69, 0x09, 0x31,
0x39, 0x38, 0x38, 0x09, 0x31, 0x39, 0x39, 0x37, 0x09, 0x2d, 0x09, 0x4f, 0x63, 0x74, 0x09, 0x6c,
0x61, 0x73, 0x74, 0x53, 0x75, 0x6e, 0x09, 0x31, 0x3a, 0x30, 0x30, 0x73, 0x09, 0x30, 0x09, 0x53,
0x0a, 0x52, 0x75, 0x6c, 0x65, 0x09, 0x48, 0x61, 0x69, 0x74, 0x69, 0x09, 0x32, 0x30, 0x30, 0x35,
0x09, 0x32, 0x30, 0x30, 0x36, 0x09, 0x2d, 0x09, 0x41, 0x70, 0x72, 0x09, 0x53, 0x75, 0x6e, 0x3e,
0x3d, 0x31, 0x09, 0x30, 0x3a, 0x30, 0x30, 0x09, 0x31, 0x3a, 0x30, 0x30, 0x09, 0x44, 0x0a, 0x52,
0x75, 0x6c, 0x65, 0x09, 0x48, 0x61, 0x69, 0x74, 0x69, 0x09, 0x32, 0x30, 0x30, 0x35, 0x09, 0x32,
0x30, 0x30, 0x36, 0x09, 0x2d, 0x09, 0x4f, 0x63, 0x74, 0x09, 0x6c, 0x61, 0x73, 0x74, 0x53, 0x75,
0x6e, 0x09, 0x30, 0x3a, 0x30, 0x30, 0x09, 0x30, 0x09, 0x53, 0x0a, 0x52, 0x75, 0x6c, 0x65, 0x09,
0x48, 0x61, 0x69, 0x74, 0x69, 0x09, 0x32, 0x30, 0x31, 0x32, 0x09, 0x32, 0x30, 0x31, 0x35, 0x09,
0x2d, 0x09, 0x4d, 0x61, 0x72, 0x09, 0x53, 0x75, 0x6e, 0x3e, 0x3d, 0x38, 0x09, 0x32, 0x3a, 0x30,
0x30, 0x09, 0x31, 0x3a, 0x30, 0x30, 0x09, 0x44, 0x0a, 0x52, 0x75, 0x6c, 0x65, 0x09, 0x48, 0x61,
0x69, 0x74, 0x69, 0x09, 0x32, 0x30, 0x31, 0x32, 0x09, 0x32, 0x30, 0x31, 0x35, 0x09, 0x2d, 0x09,
0x4e, 0x6f, 0x76, 0x09, 0x53, 0x75, 0x6e, 0x3e, 0x3d, 0x31, 0x09, 0x32, 0x3a, 0x30, 0x30, 0x09,
0x30, 0x09, 0x53, 0x0a, 0x52, 0x75, 0x6c, 0x65, 0x09, 0x48, 0x61, 0x69, 0x74, 0x69, 0x09, 0x32,
0x30, 0x31, 0x37, 0x09, 0x6d, 0x61, 0x78, 0x09, 0x2d, 0x09, 0x4d, 0x61, 0x72, 0x09, 0x53, 0x75,
0x6e, 0x3e, 0x3d, 0x38, 0x09, 0x32, 0x3a, 0x30, 0x30, 0x09, 0x31, 0x3a, 0x30, 0x30, 0x09, 0x44,
0x0a, 0x52, 0x75, 0x6c, 0x65, 0x09, 0x48, 0x61, 0x69, 0x74, 0x69, 0x09, 0x32, 0x30, 0x31, 0x37,
0x09, 0x6d, 0x61, 0x78, 0x09, 0x2d, 0x09, 0x4e, 0x6f, 0x76, 0x09, 0x53, 0x75, 0x6e, 0x3e, 0x3d,
0x31, 0x09, 0x32, 0x3a, 0x30, 0x30, 0x09, 0x30, 0x09, 0x53, 0x0a, 0x5a, 0x6f, 0x6e, 0x65, 0x20,
0x41, 0x6d, 0x65, 0x72, 0x69, 0x63, 0x61, 0x2f, 0x50, 0x6f, 0x72, 0x74, 0x2d, 0x61, 0x75, 0x2d,
0x50, 0x72, 0x69, 0x6e, 0x63, 0x65, 0x20, 0x2d, 0x34, 0x3a, 0x34, 0x39, 0x3a, 0x32, 0x30, 0x20,
0x2d, 0x09, 0x4c, 0x4d, 0x54, 0x09, 0x31, 0x38, 0x39, 0x30, 0x0a, 0x09, 0x09, 0x09, 0x2d, 0x34,
0x3a, 0x34, 0x39, 0x09, 0x2d, 0x09, 0x50, 0x50, 0x4d, 0x54, 0x09, 0x31, 0x39, 0x31, 0x37, 0x20,
0x4a, 0x61, 0x6e, 0x20, 0x32, 0x34, 0x20, 0x31, 0x32, 0x3a, 0x30, 0x30, 0x20, 0x23, 0x20, 0x50,
0x2d, 0x61, 0x2d, 0x50, 0x20, 0x4d, 0x54, 0x0a, 0x09, 0x09, 0x09, 0x2d, 0x35, 0x3a, 0x30, 0x30,
0x09, 0x48, 0x61, 0x69, 0x74, 0x69, 0x09, 0x45, 0x25, 0x73, 0x54, 0x0a, 0x52, 0x75, 0x6c, 0x65,
0x09, 0x48, 0x6f, 0x6e, 0x64, 0x09, 0x31, 0x39, 0x38, 0x37, 0x09, 0x31, 0x39, 0x38, 0x38, 0x09,
0x2d, 0x09, 0x4d, 0x61, 0x79, 0x09, 0x53, 0x75, 0x6e, 0x3e, 0x3d, 0x31, 0x09, 0x30, 0x3a, 0x30,
0x30, 0x09, 0x31, 0x3a, 0x30, 0x30, 0x09, 0x44, 0x0a, 0x52, 0x75, 0x6c, 0x65, 0x09, 0x48, 0x6f,
0x6e, 0x64, 0x09, 0x31, 0x39, 0x38, 0x37, 0x09, 0x31, 0x39, 0x38, 0x38, 0x09, 0x2d, 0x09, 0x53,
0x65, 0x70, 0x09, 0x6c, 0x61, 0x73, 0x74, 0x53, 0x75, 0x6e, 0x09, 0x30, 0x3a, 0x30, 0x30, 0x09,
0x30, 0x09, 0x53, 0x0a, 0x52, 0x75, 0x6c, 0x65, 0x09, 0x48, 0x6f, 0x6e, 0x64, 0x09, 0x32, 0x30,
0x30, 0x36, 0x09, 0x6f, 0x6e, 0x6c, 0x79, 0x09, 0x2d, 0x09, 0x4d, 0x61, 0x79, 0x09, 0x53, 0x75,
0x6e, 0x3e, 0x3d, 0x31, 0x09, 0x30, 0x3a, 0x30, 0x30, 0x09, 0x31, 0x3a, 0x30, 0x30, 0x09, 0x44,
0x0a, 0x52, 0x75, 0x6c, 0x65, 0x09, 0x48, 0x6f, 0x6e, 0x64, 0x09, 0x32, 0x30, 0x30, 0x36, 0x09,
0x6f, 0x6e, 0x6c, 0x79, 0x09, 0x2d, 0x09, 0x41, 0x75, 0x67, 0x09, 0x4d, 0x6f, 0x6e, 0x3e, 0x3d,
0x31, 0x09, 0x30, 0x3a, 0x30, 0x30, 0x09, 0x30, 0x09, 0x53, 0x0a, 0x5a, 0x6f, 0x6e, 0x65, 0x20,
0x41, 0x6d, 0x65, 0x72, 0x69, 0x63, 0x61, 0x2f, 0x54, 0x65, 0x67, 0x75, 0x63, 0x69, 0x67, 0x61,
0x6c, 0x70, 0x61, 0x20, 0x2d, 0x35, 0x3a, 0x34, 0x38, 0x3a, 0x35, 0x32, 0x20, 0x2d, 0x09, 0x4c,
0x4d, 0x54, 0x09, 0x31, 0x39, 0x32, 0x31, 0x20, 0x41, 0x70, 0x72, 0x0a, 0x09, 0x09, 0x09, 0x2d,
0x36, 0x3a, 0x30, 0x30, 0x09, 0x48, 0x6f, 0x6e, 0x64, 0x09, 0x43, 0x25, 0x73, 0x54, 0x0a, 0x09,
0x09, 0x23, 0x53, 0x54, 0x44, 0x4f, 0x46, 0x46, 0x09, 0x2d, 0x35, 0x3a, 0x30, 0x37, 0x3a, 0x31,
0x30, 0x2e, 0x34, 0x31, 0x0a, 0x5a, 0x6f, 0x6e, 0x65, 0x09, 0x41, 0x6d, 0x65, 0x72, 0x69, 0x63,
0x61, 0x2f, 0x4a, 0x61, 0x6d, 0x61, 0x69, 0x63, 0x61, 0x09, 0x2d, 0x35, 0x3a, 0x30, 0x37, 0x3a,
0x31, 0x30, 0x20, 0x2d, 0x09, 0x4c, 0x4d, 0x54, 0x09, 0x31, 0x38, 0x39, 0x30, 0x20, 0x20, 0x20,
0x20, 0x20, 0x20, 0x20, 0x20, 0x23, 0x20, 0x4b, 0x69, 0x6e, 0x67, 0x73, 0x74, 0x6f, 0x6e, 0x0a,
0x09, 0x09, 0x09, 0x2d, 0x35, 0x3a, 0x30, 0x37, 0x3a, 0x31, 0x30, 0x20, 0x2d, 0x09, 0x4b, 0x4d,
0x54, 0x09, 0x31, 0x39, 0x31, 0x32, 0x20, 0x46, 0x65, 0x62, 0x20, 0x20, 0x20, 0x20, 0x23, 0x20,
0x4b, 0x69, 0x6e, 0x67, 0x73, 0x74, 0x6f, 0x6e, 0x20, 0x4d, 0x65, 0x61, 0x6e, 0x20, 0x54, 0x69,
0x6d, 0x65, 0x0a, 0x09, 0x09, 0x09, 0x2d, 0x35, 0x3a, 0x30, 0x30, 0x09, 0x2d, 0x09, 0x45, 0x53,
0x54, 0x09, 0x31, 0x39, 0x37, 0x34, 0x0a, 0x09, 0x09, 0x09, 0x2d, 0x35, 0x3a, 0x30, 0x30, 0x09,
0x55, 0x53, 0x09, 0x45, 0x25, 0x73, 0x54, 0x09, 0x31, 0x39, 0x38, 0x34, 0x0a, 0x09, 0x09, 0x09,
0x2d, 0x35, 0x3a, 0x30, 0x30, 0x09, 0x2d, 0x09, 0x45, 0x53, 0x54, 0x0a, 0x5a, 0x6f, 0x6e, 0x65,
0x20, 0x41, 0x6d, 0x65, 0x72, 0x69, 0x63, 0x61, 0x2f, 0x4d, 0x61, 0x72, 0x74, 0x69, 0x6e, 0x69,
0x71, 0x75, 0x65, 0x09, 0x2d, 0x34, 0x3a, 0x30, 0x34, 0x3a, 0x32, 0x30, 0x20, 0x2d, 0x20, 0x20,
0x20, 0x20, 0x20, 0x20, 0x4c, 0x4d, 0x54, 0x09, 0x31, 0x38, 0x39, 0x30, 0x20, 0x20, 0x20, 0x20,
0x20, 0x20, 0x20, 0x20, 0x23, 0x20, 0x46, 0x6f, 0x72, 0x74, 0x2d, 0x64, 0x65, 0x2d, 0x46, 0x72,
0x61, 0x6e, 0x63, 0x65, 0x0a, 0x09, 0x09, 0x09, 0x2d, 0x34, 0x3a, 0x30, 0x34, 0x3a, 0x32, 0x30,
0x20, 0x2d, 0x09, 0x46, 0x46, 0x4d, 0x54, 0x09, 0x31, 0x39, 0x31, 0x31, 0x20, 0x4d, 0x61, 0x79,
0x20, 0x20, 0x31, 0x20, 0x23, 0x20, 0x46, 0x6f, 0x72, 0x74, 0x2d, 0x64, 0x65, 0x2d, 0x46, 0x72,
0x61, 0x6e, 0x63, 0x65, 0x20, 0x4d, 0x54, 0x0a, 0x09, 0x09, 0x09, 0x2d, 0x34, 0x3a, 0x30, 0x30,
0x09, 0x2d, 0x09, 0x41, 0x53, 0x54, 0x09, 0x31, 0x39, 0x38, 0x30, 0x20, 0x41, 0x70, 0x72, 0x20,
0x20, 0x36, 0x0a, 0x09, 0x09, 0x09, 0x2d, 0x34, 0x3a, 0x30, 0x30, 0x09, 0x31, 0x3a, 0x30, 0x30,
0x09, 0x41, 0x44, 0x54, 0x09, 0x31, 0x39, 0x38, 0x30, 0x20, 0x53, 0x65, 0x70, 0x20, 0x32, 0x38,
0x0a, 0x09, 0x09, 0x09, 0x2d, 0x34, 0x3a, 0x30, 0x30, 0x09, 0x2d, 0x09, 0x41, 0x53, 0x54, 0x0a,
0x52, 0x75, 0x6c, 0x65, 0x09, 0x4e, 0x69, 0x63, 0x09, 0x31, 0x39, 0x37, 0x39, 0x09, 0x31, 0x39,
0x38, 0x30, 0x09, 0x2d, 0x09, 0x4d, 0x61, 0x72, 0x09, 0x53, 0x75, 0x6e, 0x3e, 0x3d, 0x31, 0x36,
0x09, 0x30, 0x3a, 0x30, 0x30, 0x09, 0x31, 0x3a, 0x30, 0x30, 0x09, 0x44, 0x0a, 0x52, 0x75, 0x6c,
0x65, 0x09, 0x4e, 0x69, 0x63, 0x09, 0x31, 0x39, 0x37, 0x39, 0x09, 0x31, 0x39, 0x38, 0x30, 0x09,
0x2d, 0x09, 0x4a, 0x75, 0x6e, 0x09, 0x4d, 0x6f, 0x6e, 0x3e, 0x3d, 0x32, 0x33, 0x09, 0x30, 0x3a,
0x30, 0x30, 0x09, 0x30, 0x09, 0x53, 0x0a, 0x52, 0x75, 0x6c, 0x65, 0x09, 0x4e, 0x69, 0x63, 0x09,
0x32, 0x30, 0x30, 0x35, 0x09, 0x6f, 0x6e, 0x6c, 0x79, 0x09, 0x2d, 0x09, 0x41, 0x70, 0x72, 0x09,
0x31, 0x30, 0x09, 0x30, 0x3a, 0x30, 0x30, 0x09, 0x31, 0x3a, 0x30, 0x30, 0x09, 0x44, 0x0a, 0x52,
0x75, 0x6c, 0x65, 0x09, 0x4e, 0x69, 0x63, 0x09, 0x32, 0x30, 0x30, 0x35, 0x09, 0x6f, 0x6e, 0x6c,
0x79, 0x09, 0x2d, 0x09, 0x4f, 0x63, 0x74, 0x09, 0x53, 0x75, 0x6e, 0x3e, 0x3d, 0x31, 0x09, 0x30,
0x3a, 0x30, 0x30, 0x09, 0x30, 0x09, 0x53, 0x0a, 0x52, 0x75, 0x6c, 0x65, 0x09, 0x4e, 0x69, 0x63,
0x09, 0x32, 0x30, 0x30, 0x36, 0x09, 0x6f, 0x6e, 0x6c, 0x79, 0x09, 0x2d, 0x09, 0x41, 0x70, 0x72,
0x09, 0x33, 0x30, 0x09, 0x32, 0x3a, 0x30, 0x30, 0x09, 0x31, 0x3a, 0x30, 0x30, 0x09, 0x44, 0x0a,
0x52, 0x75, 0x6c, 0x65, 0x09, 0x4e, 0x69, 0x63, 0x09, 0x32, 0x30, 0x30, 0x36, 0x09, 0x6f, 0x6e,
0x6c, 0x79, 0x09, 0x2d, 0x09, 0x4f, 0x63, 0x74, 0x09, 0x53, 0x75, 0x6e, 0x3e, 0x3d, 0x31, 0x09,
0x31, 0x3a, 0x30, 0x30, 0x09, 0x30, 0x09, 0x53, 0x0a, 0x5a, 0x6f, 0x6e, 0x65, 0x09, 0x41, 0x6d,
0x65, 0x72, 0x69, 0x63, 0x61, 0x2f, 0x4d, 0x61, 0x6e, 0x61, 0x67, 0x75, 0x61, 0x09, 0x2d, 0x35,
0x3a, 0x34, 0x35, 0x3a, 0x30, 0x38, 0x20, 0x2d, 0x09, 0x4c, 0x4d, 0x54, 0x09, 0x31, 0x38, 0x39,
0x30, 0x0a, 0x09, 0x09, 0x09, 0x2d, 0x35, 0x3a, 0x34, 0x35, 0x3a, 0x31, 0x32, 0x20, 0x2d, 0x09,
0x4d, 0x4d, 0x54, 0x09, 0x31, 0x39, 0x33, 0x34, 0x20, 0x4a, 0x75, 0x6e, 0x20, 0x32, 0x33, 0x20,
0x23, 0x20, 0x4d, 0x61, 0x6e, 0x61, 0x67, 0x75, 0x61, 0x20, 0x4d, 0x65, 0x61, 0x6e, 0x20, 0x54,
0x69, 0x6d, 0x65, 0x3f, 0x0a, 0x09, 0x09, 0x09, 0x2d, 0x36, 0x3a, 0x30, 0x30, 0x09, 0x2d, 0x09,
0x43, 0x53, 0x54, 0x09, 0x31, 0x39, 0x37, 0x33, 0x20, 0x4d, 0x61, 0x79, 0x0a, 0x09, 0x09, 0x09,
0x2d, 0x35, 0x3a, 0x30, 0x30, 0x09, 0x2d, 0x09, 0x45, 0x53, 0x54, 0x09, 0x31, 0x39, 0x37, 0x35,
0x20, 0x46, 0x65, 0x62, 0x20, 0x31, 0x36, 0x0a, 0x09, 0x09, 0x09, 0x2d, 0x36, 0x3a, 0x30, 0x30,
0x09, 0x4e, 0x69, 0x63, 0x09, 0x43, 0x25, 0x73, 0x54, 0x09, 0x31, 0x39, 0x39, 0x32, 0x20, 0x4a,
0x61, 0x6e, 0x20, 0x20, 0x31, 0x20, 0x20, 0x34, 0x3a, 0x30, 0x30, 0x0a, 0x09, 0x09, 0x09, 0x2d,
0x35, 0x3a, 0x30, 0x30, 0x09, 0x2d, 0x09, 0x45, 0x53, 0x54, 0x09, 0x31, 0x39, 0x39, 0x32, 0x20,
0x53, 0x65, 0x70, 0x20, 0x32, 0x34, 0x0a, 0x09, 0x09, 0x09, 0x2d, 0x36, 0x3a, 0x30, 0x30, 0x09,
0x2d, 0x09, 0x43, 0x53, 0x54, 0x09, 0x31, 0x39, 0x39, 0x33, 0x0a, 0x09, 0x09, 0x09, 0x2d, 0x35,
0x3a, 0x30, 0x30, 0x09, 0x2d, 0x09, 0x45, 0x53, 0x54, 0x09, 0x31, 0x39, 0x39, 0x37, 0x0a, 0x09,
0x09, 0x09, 0x2d, 0x36, 0x3a, 0x30, 0x30, 0x09, 0x4e, 0x69, 0x63, 0x09, 0x43, 0x25, 0x73, 0x54,
0x0a, 0x5a, 0x6f, 0x6e, 0x65, 0x09, 0x41, 0x6d, 0x65, 0x72, 0x69, 0x63, 0x61, 0x2f, 0x50, 0x61,
0x6e, 0x61, 0x6d, 0x61, 0x09, 0x2d, 0x35, 0x3a, 0x31, 0x38, 0x3a, 0x30, 0x38, 0x20, 0x2d, 0x09,
0x4c, 0x4d, 0x54, 0x09, 0x31, 0x38, 0x39, 0x30, 0x0a, 0x09, 0x09, 0x09, 0x2d, 0x35, 0x3a, 0x31,
0x39, 0x3a, 0x33, 0x36, 0x20, 0x2d, 0x09, 0x43, 0x4d, 0x54, 0x09, 0x31, 0x39, 0x30, 0x38, 0x20,
0x41, 0x70, 0x72, 0x20, 0x32, 0x32, 0x20, 0x23, 0x20, 0x43, 0x6f, 0x6c, 0xc3, 0xb3, 0x6e, 0x20,
0x4d, 0x65, 0x61, 0x6e, 0x20, 0x54, 0x69, 0x6d, 0x65, 0x0a, 0x09, 0x09, 0x09, 0x2d, 0x35, 0x3a,
0x30, 0x30, 0x09, 0x2d, 0x09, 0x45, 0x53, 0x54, 0x0a, 0x5a, 0x6f, 0x6e, 0x65, 0x20, 0x41, 0x6d,
0x65, 0x72, 0x69, 0x63, 0x61, 0x2f, 0x50, 0x75, 0x65, 0x72, 0x74, 0x6f, 0x5f, 0x52, 0x69, 0x63,
0x6f, 0x20, 0x2d, 0x34, 0x3a, 0x32, 0x34, 0x3a, 0x32, 0x35, 0x20, 0x2d, 0x09, 0x4c, 0x4d, 0x54,
0x09, 0x31, 0x38, 0x39, 0x39, 0x20, 0x4d, 0x61, 0x72, 0x20, 0x32, 0x38, 0x20, 0x31, 0x32, 0x3a,
0x30, 0x30, 0x20, 0x23, 0x20, 0x53, 0x61, 0x6e, 0x20, 0x4a, 0x75, 0x61, 0x6e, 0x0a, 0x09, 0x09,
0x09, 0x2d, 0x34, 0x3a, 0x30, 0x30, 0x09, 0x2d, 0x09, 0x41, 0x53, 0x54, 0x09, 0x31, 0x39, 0x34,
0x32, 0x20, 0x4d, 0x61, 0x79, 0x20, 0x20, 0x33, 0x0a, 0x09, 0x09, 0x09, 0x2d, 0x34, 0x3a, 0x30,
0x30, 0x09, 0x55, 0x53, 0x09, 0x41, 0x25, 0x73, 0x54, 0x09, 0x31, 0x39, 0x34, 0x36, 0x0a, 0x09,
0x09, 0x09, 0x2d, 0x34, 0x3a, 0x30, 0x30, 0x09, 0x2d, 0x09, 0x41, 0x53, 0x54, 0x0a, 0x5a, 0x6f,
0x6e, 0x65, 0x20, 0x41, 0x6d, 0x65, 0x72, 0x69, 0x63, 0x61, 0x2f, 0x4d, 0x69, 0x71, 0x75, 0x65,
0x6c, 0x6f, 0x6e, 0x09, 0x2d, 0x33, 0x3a, 0x34, 0x34, 0x3a, 0x34, 0x30, 0x20, 0x2d, 0x09, 0x4c,
0x4d, 0x54, 0x09, 0x31, 0x39, 0x31, 0x31, 0x20, 0x4a, 0x75, 0x6e, 0x20, 0x31, 0x35, 0x20, 0x23,
0x20, 0x53, 0x74, 0x20, 0x50, 0x69, 0x65, 0x72, 0x72, 0x65, 0x0a, 0x09, 0x09, 0x09, 0x2d, 0x34,
0x3a, 0x30, 0x30, 0x09, 0x2d, 0x09, 0x41, 0x53, 0x54, 0x09, 0x31, 0x39, 0x38, 0x30, 0x20, 0x4d,
0x61, 0x79, 0x0a, 0x09, 0x09, 0x09, 0x2d, 0x33, 0x3a, 0x30, 0x30, 0x09, 0x2d, 0x09, 0x2d, 0x30,
0x33, 0x09, 0x31, 0x39, 0x38, 0x37, 0x0a, 0x09, 0x09, 0x09, 0x2d, 0x33, 0x3a, 0x30, 0x30, 0x09,
0x43, 0x61, 0x6e, 0x61, 0x64, 0x61, 0x09, 0x2d, 0x30, 0x33, 0x2f, 0x2d, 0x30, 0x32, 0x0a, 0x5a,
0x6f, 0x6e, 0x65, 0x20, 0x41, 0x6d, 0x65, 0x72, 0x69, 0x63, 0x61, 0x2f, 0x47, 0x72, 0x61, 0x6e,
0x64, 0x5f, 0x54, 0x75, 0x72, 0x6b, 0x09, 0x2d, 0x34, 0x3a, 0x34, 0x34, 0x3a, 0x33, 0x32, 0x20,
0x2d, 0x09, 0x4c, 0x4d, 0x54, 0x09, 0x31, 0x38, 0x39, 0x30, 0x0a, 0x09, 0x09, 0x23, 0x53, 0x54,
0x44, 0x4f, 0x46, 0x46, 0x09, 0x2d, 0x35, 0x3a, 0x30, 0x37, 0x3a, 0x31, 0x30, 0x2e, 0x34, 0x31,
0x0a, 0x09, 0x09, 0x09, 0x2d, 0x35, 0x3a, 0x30, 0x37, 0x3a, 0x31, 0x30, 0x20, 0x2d, 0x09, 0x4b,
0x4d, 0x54, 0x09, 0x31, 0x39, 0x31, 0x32, 0x20, 0x46, 0x65, 0x62, 0x20, 0x23, 0x20, 0x4b, 0x69,
0x6e, 0x67, 0x73, 0x74, 0x6f, 0x6e, 0x20, 0x4d, 0x65, 0x61, 0x6e, 0x20, 0x54, 0x69, 0x6d, 0x65,
0x0a, 0x09, 0x09, 0x09, 0x2d, 0x35, 0x3a, 0x30, 0x30, 0x09, 0x2d, 0x09, 0x45, 0x53, 0x54, 0x09,
0x31, 0x39, 0x37, 0x39, 0x0a, 0x09, 0x09, 0x09, 0x2d, 0x35, 0x3a, 0x30, 0x30, 0x09, 0x55, 0x53,
0x09, 0x45, 0x25, 0x73, 0x54, 0x09, 0x32, 0x30, 0x31, 0x35, 0x20, 0x4d, 0x61, 0x72, 0x20, 0x20,
0x38, 0x20, 0x20, 0x32, 0x3a, 0x30, 0x30, 0x0a, 0x09, 0x09, 0x09, 0x2d, 0x34, 0x3a, 0x30, 0x30,
0x09, 0x2d, 0x09, 0x41, 0x53, 0x54, 0x09, 0x32, 0x30, 0x31, 0x38, 0x20, 0x4d, 0x61, 0x72, 0x20,
0x31, 0x31, 0x20, 0x20, 0x33, 0x3a, 0x30, 0x30, 0x0a, 0x09, 0x09, 0x09, 0x2d, 0x35, 0x3a, 0x30,
0x30, 0x09, 0x55, 0x53, 0x09, 0x45, 0x25, 0x73, 0x54, 0x0a};

const size_t date_time_northamerica_len = 33338;
